,"Ped Counter. 1 block for each hour. If desired, record demographic (want to see % of women + children). i.e. mid-aged woman, senior woman, elementary girl etc.",,,,,,,,,,,,,,,,,,,,,,,,,,,,,,,,,,,,,,,,,,,,,,,,,,,,
,"gender, age, rec/commute/school",,,,,,,,,,,,,,,,,,,,,,,,,,,,,,,,,,,,,,,,,,,,,,,,,,,,
,In = going _____,Out = going _____,,,,,,,,,,,,,,,,,,,,,,,,,,,,,,,,,,,,,,,,,,,,,,,,,,,
,Date:,,,,,,,,,,,,,,,,,,,,,,,,,,,,,,,,,,,,,,,,,,,,,,,,,,,,
,,,,,,From,,,,,,,,,,,,,,,,,,To,,,,,,,,,,,,,,,,,,,,,,,,,,,,,
,,,,,,Road,,,,Bike Lane,,,,Bikeway,,Sidewalk,,,,,,,,Road,,,,Bike Lane,,,,Bikeway,,Sidewalk,,,,,,,,Car No Yield,,Car in Bikeway,Student,Bike Passenger,Ped Out of Crosswalk,Stroller,Jogger,,,,
,1899-12-30,Intersection Count,Totals,,,W,N,E,S,N-W,N-E,S-E,S-W,W,E,W-S,W-N,N-W,N-E,E-N,E-S,S-E,S-W,W,N,E,S,N-W,N-E,S-E,S-W,W,E,W-S,W-N,N-W,N-E,E-N,E-S,S-E,S-W,,,,,,,,,,,,
,Pedestrian,,0,,Pedestrian,,,,,,,,,,,,,,,,,,,,,,,,,,,,,,,,,,,,,,,,,,,,,,,,
,Bike,,0,,Bike,,,,,,,,,,,,,,,,,,,,,,,,,,,,,,,,,,,,,,,,,,,,,,,,
,Scooter,,0,,Scooter,,,,,,,,,,,,,,,,,,,,,,,,,,,,,,,,,,,,,,,,,,,,,,,,
,Other,,0,,Other,,,,,,,,,,,,,,,,,,,,,,,,,,,,,,,,,,,,,,,,,,,,,,,,
,,15-min Interval Total,0,,,,,,,,,,,,,,,,,,,,,,,,,,,,,,,,,,,,,,,,,,,,,,,,,,
,,,,,,,,,,,,,,,,,,,,,,,,,,,,,,,,,,,,,,,,,,,,,,,,,,,,,
,,,,,,From,,,,,,,,,,,,,,,,,,To,,,,,,,,,,,,,,,,,,,,,,,,,,,,,
,,,,,,Road,,,,Bike Lane,,,,Bikeway,,Sidewalk,,,,,,,,Road,,,,Bike Lane,,,,Bikeway,,Sidewalk,,,,,,,,Car No Yield,,Car in Bikeway,Student,Bike Passenger,Ped Out of Crosswalk,Stroller,Jogger,,,,
,1899-12-30 00:15,Intersection Count,Totals,,,W,N,E,S,N-W,N-E,S-E,S-W,W,E,W-S,W-N,N-W,N-E,E-N,E-S,S-E,S-W,W,N,E,S,N-W,N-E,S-E,S-W,W,E,W-S,W-N,N-W,N-E,E-N,E-S,S-E,S-W,,,,,,,,,,,,
,Pedestrian,,0,,Pedestrian,,,,,,,,,,,,,,,,,,,,,,,,,,,,,,,,,,,,,,,,,,,,,,,,
,Bike,,0,,Bike,,,,,,,,,,,,,,,,,,,,,,,,,,,,,,,,,,,,,,,,,,,,,,,,
,Scooter,,0,,Scooter,,,,,,,,,,,,,,,,,,,,,,,,,,,,,,,,,,,,,,,,,,,,,,,,
,Other,,0,,Other,,,,,,,,,,,,,,,,,,,,,,,,,,,,,,,,,,,,,,,,,,,,,,,,
,,15-min Interval Total,0,,,,,,,,,,,,,,,,,,,,,,,,,,,,,,,,,,,,,,,,,,,,,,,,,,
,,,,,,,,,,,,,,,,,,,,,,,,,,,,,,,,,,,,,,,,,,,,,,,,,,,,,
,,,,,,From,,,,,,,,,,,,,,,,,,To,,,,,,,,,,,,,,,,,,,,,,,,,,,,,
,,,,,,Road,,,,Bike Lane,,,,Bikeway,,Sidewalk,,,,,,,,Road,,,,Bike Lane,,,,Bikeway,,Sidewalk,,,,,,,,Car No Yield,,Car in Bikeway,Student,Bike Passenger,Ped Out of Crosswalk,Stroller,Jogger,,,,
,1899-12-30 00:30,Intersection Count,Totals,,,W,N,E,S,N-W,N-E,S-E,S-W,W,E,W-S,W-N,N-W,N-E,E-N,E-S,S-E,S-W,W,N,E,S,N-W,N-E,S-E,S-W,W,E,W-S,W-N,N-W,N-E,E-N,E-S,S-E,S-W,,,,,,,,,,,,
,Pedestrian,,0,,Pedestrian,,,,,,,,,,,,,,,,,,,,,,,,,,,,,,,,,,,,,,,,,,,,,,,,
,Bike,,0,,Bike,,,,,,,,,,,,,,,,,,,,,,,,,,,,,,,,,,,,,,,,,,,,,,,,
,Scooter,,0,,Scooter,,,,,,,,,,,,,,,,,,,,,,,,,,,,,,,,,,,,,,,,,,,,,,,,
,Other,,0,,Other,,,,,,,,,,,,,,,,,,,,,,,,,,,,,,,,,,,,,,,,,,,,,,,,
,,15-min Interval Total,0,,,,,,,,,,,,,,,,,,,,,,,,,,,,,,,,,,,,,,,,,,,,,,,,,,
,,,,,,,,,,,,,,,,,,,,,,,,,,,,,,,,,,,,,,,,,,,,,,,,,,,,,
,,,,,,From,,,,,,,,,,,,,,,,,,To,,,,,,,,,,,,,,,,,,,,,,,,,,,,,
,,,,,,Road,,,,Bike Lane,,,,Bikeway,,Sidewalk,,,,,,,,Road,,,,Bike Lane,,,,Bikeway,,Sidewalk,,,,,,,,Car No Yield,,Car in Bikeway,Student,Bike Passenger,Ped Out of Crosswalk,Stroller,Jogger,,,,
,1899-12-30 00:45,Intersection Count,Totals,,,W,N,E,S,N-W,N-E,S-E,S-W,W,E,W-S,W-N,N-W,N-E,E-N,E-S,S-E,S-W,W,N,E,S,N-W,N-E,S-E,S-W,W,E,W-S,W-N,N-W,N-E,E-N,E-S,S-E,S-W,,,,,,,,,,,,
,Pedestrian,,0,,Pedestrian,,,,,,,,,,,,,,,,,,,,,,,,,,,,,,,,,,,,,,,,,,,,,,,,
,Bike,,0,,Bike,,,,,,,,,,,,,,,,,,,,,,,,,,,,,,,,,,,,,,,,,,,,,,,,
,Scooter,,0,,Scooter,,,,,,,,,,,,,,,,,,,,,,,,,,,,,,,,,,,,,,,,,,,,,,,,
,Other,,0,,Other,,,,,,,,,,,,,,,,,,,,,,,,,,,,,,,,,,,,,,,,,,,,,,,,
,,15-min Interval Total,0,,,,,,,,,,,,,,,,,,,,,,,,,,,,,,,,,,,,,,,,,,,,,,,,,,
,,,,,,,,,,,,,,,,,,,,,,,,,,,,,,,,,,,,,,,,,,,,,,,,,,,,,
,,,,,,From,,,,,,,,,,,,,,,,,,To,,,,,,,,,,,,,,,,,,,,,,,,,,,,,
,,,,,,Road,,,,Bike Lane,,,,Bikeway,,Sidewalk,,,,,,,,Road,,,,Bike Lane,,,,Bikeway,,Sidewalk,,,,,,,,Car No Yield,,Car in Bikeway,Student,Bike Passenger,Ped Out of Crosswalk,Stroller,Jogger,,,,
,1899-12-30 01:00,Intersection Count,Totals,,,W,N,E,S,N-W,N-E,S-E,S-W,W,E,W-S,W-N,N-W,N-E,E-N,E-S,S-E,S-W,W,N,E,S,N-W,N-E,S-E,S-W,W,E,W-S,W-N,N-W,N-E,E-N,E-S,S-E,S-W,,,,,,,,,,,,
,Pedestrian,,0,,Pedestrian,,,,,,,,,,,,,,,,,,,,,,,,,,,,,,,,,,,,,,,,,,,,,,,,
,Bike,,0,,Bike,,,,,,,,,,,,,,,,,,,,,,,,,,,,,,,,,,,,,,,,,,,,,,,,
,Scooter,,0,,Scooter,,,,,,,,,,,,,,,,,,,,,,,,,,,,,,,,,,,,,,,,,,,,,,,,
,Other,,0,,Other,,,,,,,,,,,,,,,,,,,,,,,,,,,,,,,,,,,,,,,,,,,,,,,,
,,15-min Interval Total,0,,,,,,,,,,,,,,,,,,,,,,,,,,,,,,,,,,,,,,,,,,,,,,,,,,
,,,,,,,,,,,,,,,,,,,,,,,,,,,,,,,,,,,,,,,,,,,,,,,,,,,,,
,,,,,,From,,,,,,,,,,,,,,,,,,To,,,,,,,,,,,,,,,,,,,,,,,,,,,,,
,,,,,,Road,,,,Bike Lane,,,,Bikeway,,Sidewalk,,,,,,,,Road,,,,Bike Lane,,,,Bikeway,,Sidewalk,,,,,,,,Car No Yield,,Car in Bikeway,Student,Bike Passenger,Ped Out of Crosswalk,Stroller,Jogger,,,,
,1899-12-30 01:15,Intersection Count,Totals,,,W,N,E,S,N-W,N-E,S-E,S-W,W,E,W-S,W-N,N-W,N-E,E-N,E-S,S-E,S-W,W,N,E,S,N-W,N-E,S-E,S-W,W,E,W-S,W-N,N-W,N-E,E-N,E-S,S-E,S-W,,,,,,,,,,,,
,Pedestrian,,0,,Pedestrian,,,,,,,,,,,,,,,,,,,,,,,,,,,,,,,,,,,,,,,,,,,,,,,,
,Bike,,0,,Bike,,,,,,,,,,,,,,,,,,,,,,,,,,,,,,,,,,,,,,,,,,,,,,,,
,Scooter,,0,,Scooter,,,,,,,,,,,,,,,,,,,,,,,,,,,,,,,,,,,,,,,,,,,,,,,,
,Other,,0,,Other,,,,,,,,,,,,,,,,,,,,,,,,,,,,,,,,,,,,,,,,,,,,,,,,
,,15-min Interval Total,0,,,,,,,,,,,,,,,,,,,,,,,,,,,,,,,,,,,,,,,,,,,,,,,,,,
,,,,,,,,,,,,,,,,,,,,,,,,,,,,,,,,,,,,,,,,,,,,,,,,,,,,,
,,,,,,From,,,,,,,,,,,,,,,,,,To,,,,,,,,,,,,,,,,,,,,,,,,,,,,,
,,,,,,Road,,,,Bike Lane,,,,Bikeway,,Sidewalk,,,,,,,,Road,,,,Bike Lane,,,,Bikeway,,Sidewalk,,,,,,,,Car No Yield,,Car in Bikeway,Student,Bike Passenger,Ped Out of Crosswalk,Stroller,Jogger,,,,
,1899-12-30 01:30,Intersection Count,Totals,,,W,N,E,S,N-W,N-E,S-E,S-W,W,E,W-S,W-N,N-W,N-E,E-N,E-S,S-E,S-W,W,N,E,S,N-W,N-E,S-E,S-W,W,E,W-S,W-N,N-W,N-E,E-N,E-S,S-E,S-W,,,,,,,,,,,,
,Pedestrian,,0,,Pedestrian,,,,,,,,,,,,,,,,,,,,,,,,,,,,,,,,,,,,,,,,,,,,,,,,
,Bike,,0,,Bike,,,,,,,,,,,,,,,,,,,,,,,,,,,,,,,,,,,,,,,,,,,,,,,,
,Scooter,,0,,Scooter,,,,,,,,,,,,,,,,,,,,,,,,,,,,,,,,,,,,,,,,,,,,,,,,
,Other,,0,,Other,,,,,,,,,,,,,,,,,,,,,,,,,,,,,,,,,,,,,,,,,,,,,,,,
,,15-min Interval Total,0,,,,,,,,,,,,,,,,,,,,,,,,,,,,,,,,,,,,,,,,,,,,,,,,,,
,,,,,,,,,,,,,,,,,,,,,,,,,,,,,,,,,,,,,,,,,,,,,,,,,,,,,
,,,,,,From,,,,,,,,,,,,,,,,,,To,,,,,,,,,,,,,,,,,,,,,,,,,,,,,
,,,,,,Road,,,,Bike Lane,,,,Bikeway,,Sidewalk,,,,,,,,Road,,,,Bike Lane,,,,Bikeway,,Sidewalk,,,,,,,,Car No Yield,,Car in Bikeway,Student,Bike Passenger,Ped Out of Crosswalk,Stroller,Jogger,,,,
,1899-12-30 01:45,Intersection Count,Totals,,,W,N,E,S,N-W,N-E,S-E,S-W,W,E,W-S,W-N,N-W,N-E,E-N,E-S,S-E,S-W,W,N,E,S,N-W,N-E,S-E,S-W,W,E,W-S,W-N,N-W,N-E,E-N,E-S,S-E,S-W,,,,,,,,,,,,
,Pedestrian,,0,,Pedestrian,,,,,,,,,,,,,,,,,,,,,,,,,,,,,,,,,,,,,,,,,,,,,,,,
,Bike,,0,,Bike,,,,,,,,,,,,,,,,,,,,,,,,,,,,,,,,,,,,,,,,,,,,,,,,
,Scooter,,0,,Scooter,,,,,,,,,,,,,,,,,,,,,,,,,,,,,,,,,,,,,,,,,,,,,,,,
,Other,,0,,Other,,,,,,,,,,,,,,,,,,,,,,,,,,,,,,,,,,,,,,,,,,,,,,,,
,,15-min Interval Total,0,,,,,,,,,,,,,,,,,,,,,,,,,,,,,,,,,,,,,,,,,,,,,,,,,,
,,,,,,,,,,,,,,,,,,,,,,,,,,,,,,,,,,,,,,,,,,,,,,,,,,,,,
,,,,,,From,,,,,,,,,,,,,,,,,,To,,,,,,,,,,,,,,,,,,,,,,,,,,,,,
,,,,,,Road,,,,Bike Lane,,,,Bikeway,,Sidewalk,,,,,,,,Road,,,,Bike Lane,,,,Bikeway,,Sidewalk,,,,,,,,Car No Yield,,Car in Bikeway,Student,Bike Passenger,Ped Out of Crosswalk,Stroller,Jogger,,,,
,1899-12-30 02:00,Intersection Count,Totals,,,W,N,E,S,N-W,N-E,S-E,S-W,W,E,W-S,W-N,N-W,N-E,E-N,E-S,S-E,S-W,W,N,E,S,N-W,N-E,S-E,S-W,W,E,W-S,W-N,N-W,N-E,E-N,E-S,S-E,S-W,,,,,,,,,,,,
,Pedestrian,,0,,Pedestrian,,,,,,,,,,,,,,,,,,,,,,,,,,,,,,,,,,,,,,,,,,,,,,,,
,Bike,,0,,Bike,,,,,,,,,,,,,,,,,,,,,,,,,,,,,,,,,,,,,,,,,,,,,,,,
,Scooter,,0,,Scooter,,,,,,,,,,,,,,,,,,,,,,,,,,,,,,,,,,,,,,,,,,,,,,,,
,Other,,0,,Other,,,,,,,,,,,,,,,,,,,,,,,,,,,,,,,,,,,,,,,,,,,,,,,,
,,15-min Interval Total,0,,,,,,,,,,,,,,,,,,,,,,,,,,,,,,,,,,,,,,,,,,,,,,,,,,
,,,,,,,,,,,,,,,,,,,,,,,,,,,,,,,,,,,,,,,,,,,,,,,,,,,,,
,,,,,,From,,,,,,,,,,,,,,,,,,To,,,,,,,,,,,,,,,,,,,,,,,,,,,,,
,,,,,,Road,,,,Bike Lane,,,,Bikeway,,Sidewalk,,,,,,,,Road,,,,Bike Lane,,,,Bikeway,,Sidewalk,,,,,,,,Car No Yield,,Car in Bikeway,Student,Bike Passenger,Ped Out of Crosswalk,Stroller,Jogger,,,,
,1899-12-30 02:15,Intersection Count,Totals,,,W,N,E,S,N-W,N-E,S-E,S-W,W,E,W-S,W-N,N-W,N-E,E-N,E-S,S-E,S-W,W,N,E,S,N-W,N-E,S-E,S-W,W,E,W-S,W-N,N-W,N-E,E-N,E-S,S-E,S-W,,,,,,,,,,,,
,Pedestrian,,0,,Pedestrian,,,,,,,,,,,,,,,,,,,,,,,,,,,,,,,,,,,,,,,,,,,,,,,,
,Bike,,0,,Bike,,,,,,,,,,,,,,,,,,,,,,,,,,,,,,,,,,,,,,,,,,,,,,,,
,Scooter,,0,,Scooter,,,,,,,,,,,,,,,,,,,,,,,,,,,,,,,,,,,,,,,,,,,,,,,,
,Other,,0,,Other,,,,,,,,,,,,,,,,,,,,,,,,,,,,,,,,,,,,,,,,,,,,,,,,
,,15-min Interval Total,0,,,,,,,,,,,,,,,,,,,,,,,,,,,,,,,,,,,,,,,,,,,,,,,,,,
,,,,,,,,,,,,,,,,,,,,,,,,,,,,,,,,,,,,,,,,,,,,,,,,,,,,,
,,,,,,From,,,,,,,,,,,,,,,,,,To,,,,,,,,,,,,,,,,,,,,,,,,,,,,,
,,,,,,Road,,,,Bike Lane,,,,Bikeway,,Sidewalk,,,,,,,,Road,,,,Bike Lane,,,,Bikeway,,Sidewalk,,,,,,,,Car No Yield,,Car in Bikeway,Student,Bike Passenger,Ped Out of Crosswalk,Stroller,Jogger,,,,
,1899-12-30 02:30,Intersection Count,Totals,,,W,N,E,S,N-W,N-E,S-E,S-W,W,E,W-S,W-N,N-W,N-E,E-N,E-S,S-E,S-W,W,N,E,S,N-W,N-E,S-E,S-W,W,E,W-S,W-N,N-W,N-E,E-N,E-S,S-E,S-W,,,,,,,,,,,,
,Pedestrian,,0,,Pedestrian,,,,,,,,,,,,,,,,,,,,,,,,,,,,,,,,,,,,,,,,,,,,,,,,
,Bike,,0,,Bike,,,,,,,,,,,,,,,,,,,,,,,,,,,,,,,,,,,,,,,,,,,,,,,,
,Scooter,,0,,Scooter,,,,,,,,,,,,,,,,,,,,,,,,,,,,,,,,,,,,,,,,,,,,,,,,
,Other,,0,,Other,,,,,,,,,,,,,,,,,,,,,,,,,,,,,,,,,,,,,,,,,,,,,,,,
,,15-min Interval Total,0,,,,,,,,,,,,,,,,,,,,,,,,,,,,,,,,,,,,,,,,,,,,,,,,,,
,,,,,,,,,,,,,,,,,,,,,,,,,,,,,,,,,,,,,,,,,,,,,,,,,,,,,
,,,,,,From,,,,,,,,,,,,,,,,,,To,,,,,,,,,,,,,,,,,,,,,,,,,,,,,
,,,,,,Road,,,,Bike Lane,,,,Bikeway,,Sidewalk,,,,,,,,Road,,,,Bike Lane,,,,Bikeway,,Sidewalk,,,,,,,,Car No Yield,,Car in Bikeway,Student,Bike Passenger,Ped Out of Crosswalk,Stroller,Jogger,,,,
,1899-12-30 02:45,Intersection Count,Totals,,,W,N,E,S,N-W,N-E,S-E,S-W,W,E,W-S,W-N,N-W,N-E,E-N,E-S,S-E,S-W,W,N,E,S,N-W,N-E,S-E,S-W,W,E,W-S,W-N,N-W,N-E,E-N,E-S,S-E,S-W,,,,,,,,,,,,
,Pedestrian,,0,,Pedestrian,,,,,,,,,,,,,,,,,,,,,,,,,,,,,,,,,,,,,,,,,,,,,,,,
,Bike,,0,,Bike,,,,,,,,,,,,,,,,,,,,,,,,,,,,,,,,,,,,,,,,,,,,,,,,
,Scooter,,0,,Scooter,,,,,,,,,,,,,,,,,,,,,,,,,,,,,,,,,,,,,,,,,,,,,,,,
,Other,,0,,Other,,,,,,,,,,,,,,,,,,,,,,,,,,,,,,,,,,,,,,,,,,,,,,,,
,,15-min Interval Total,0,,,,,,,,,,,,,,,,,,,,,,,,,,,,,,,,,,,,,,,,,,,,,,,,,,
,,,,,,,,,,,,,,,,,,,,,,,,,,,,,,,,,,,,,,,,,,,,,,,,,,,,,
,,,,,,From,,,,,,,,,,,,,,,,,,To,,,,,,,,,,,,,,,,,,,,,,,,,,,,,
,,,,,,Road,,,,Bike Lane,,,,Bikeway,,Sidewalk,,,,,,,,Road,,,,Bike Lane,,,,Bikeway,,Sidewalk,,,,,,,,Car No Yield,,Car in Bikeway,Student,Bike Passenger,Ped Out of Crosswalk,Stroller,Jogger,,,,
,1899-12-30 03:00,Intersection Count,Totals,,,W,N,E,S,N-W,N-E,S-E,S-W,W,E,W-S,W-N,N-W,N-E,E-N,E-S,S-E,S-W,W,N,E,S,N-W,N-E,S-E,S-W,W,E,W-S,W-N,N-W,N-E,E-N,E-S,S-E,S-W,,,,,,,,,,,,
,Pedestrian,,0,,Pedestrian,,,,,,,,,,,,,,,,,,,,,,,,,,,,,,,,,,,,,,,,,,,,,,,,
,Bike,,0,,Bike,,,,,,,,,,,,,,,,,,,,,,,,,,,,,,,,,,,,,,,,,,,,,,,,
,Scooter,,0,,Scooter,,,,,,,,,,,,,,,,,,,,,,,,,,,,,,,,,,,,,,,,,,,,,,,,
,Other,,0,,Other,,,,,,,,,,,,,,,,,,,,,,,,,,,,,,,,,,,,,,,,,,,,,,,,
,,15-min Interval Total,0,,,,,,,,,,,,,,,,,,,,,,,,,,,,,,,,,,,,,,,,,,,,,,,,,,
,,,,,,,,,,,,,,,,,,,,,,,,,,,,,,,,,,,,,,,,,,,,,,,,,,,,,
,,,,,,From,,,,,,,,,,,,,,,,,,To,,,,,,,,,,,,,,,,,,,,,,,,,,,,,
,,,,,,Road,,,,Bike Lane,,,,Bikeway,,Sidewalk,,,,,,,,Road,,,,Bike Lane,,,,Bikeway,,Sidewalk,,,,,,,,Car No Yield,,Car in Bikeway,Student,Bike Passenger,Ped Out of Crosswalk,Stroller,Jogger,,,,
,1899-12-30 03:15,Intersection Count,Totals,,,W,N,E,S,N-W,N-E,S-E,S-W,W,E,W-S,W-N,N-W,N-E,E-N,E-S,S-E,S-W,W,N,E,S,N-W,N-E,S-E,S-W,W,E,W-S,W-N,N-W,N-E,E-N,E-S,S-E,S-W,,,,,,,,,,,,
,Pedestrian,,0,,Pedestrian,,,,,,,,,,,,,,,,,,,,,,,,,,,,,,,,,,,,,,,,,,,,,,,,
,Bike,,0,,Bike,,,,,,,,,,,,,,,,,,,,,,,,,,,,,,,,,,,,,,,,,,,,,,,,
,Scooter,,0,,Scooter,,,,,,,,,,,,,,,,,,,,,,,,,,,,,,,,,,,,,,,,,,,,,,,,
,Other,,0,,Other,,,,,,,,,,,,,,,,,,,,,,,,,,,,,,,,,,,,,,,,,,,,,,,,
,,15-min Interval Total,0,,,,,,,,,,,,,,,,,,,,,,,,,,,,,,,,,,,,,,,,,,,,,,,,,,
,,,,,,,,,,,,,,,,,,,,,,,,,,,,,,,,,,,,,,,,,,,,,,,,,,,,,
,,,,,,From,,,,,,,,,,,,,,,,,,To,,,,,,,,,,,,,,,,,,,,,,,,,,,,,
,,,,,,Road,,,,Bike Lane,,,,Bikeway,,Sidewalk,,,,,,,,Road,,,,Bike Lane,,,,Bikeway,,Sidewalk,,,,,,,,Car No Yield,,Car in Bikeway,Student,Bike Passenger,Ped Out of Crosswalk,Stroller,Jogger,,,,
,1899-12-30 03:30,Intersection Count,Totals,,,W,N,E,S,N-W,N-E,S-E,S-W,W,E,W-S,W-N,N-W,N-E,E-N,E-S,S-E,S-W,W,N,E,S,N-W,N-E,S-E,S-W,W,E,W-S,W-N,N-W,N-E,E-N,E-S,S-E,S-W,,,,,,,,,,,,
,Pedestrian,,0,,Pedestrian,,,,,,,,,,,,,,,,,,,,,,,,,,,,,,,,,,,,,,,,,,,,,,,,
,Bike,,0,,Bike,,,,,,,,,,,,,,,,,,,,,,,,,,,,,,,,,,,,,,,,,,,,,,,,
,Scooter,,0,,Scooter,,,,,,,,,,,,,,,,,,,,,,,,,,,,,,,,,,,,,,,,,,,,,,,,
,Other,,0,,Other,,,,,,,,,,,,,,,,,,,,,,,,,,,,,,,,,,,,,,,,,,,,,,,,
,,15-min Interval Total,0,,,,,,,,,,,,,,,,,,,,,,,,,,,,,,,,,,,,,,,,,,,,,,,,,,
,,,,,,,,,,,,,,,,,,,,,,,,,,,,,,,,,,,,,,,,,,,,,,,,,,,,,
,,,,,,From,,,,,,,,,,,,,,,,,,To,,,,,,,,,,,,,,,,,,,,,,,,,,,,,
,,,,,,Road,,,,Bike Lane,,,,Bikeway,,Sidewalk,,,,,,,,Road,,,,Bike Lane,,,,Bikeway,,Sidewalk,,,,,,,,Car No Yield,,Car in Bikeway,Student,Bike Passenger,Ped Out of Crosswalk,Stroller,Jogger,,,,
,1899-12-30 03:45,Intersection Count,Totals,,,W,N,E,S,N-W,N-E,S-E,S-W,W,E,W-S,W-N,N-W,N-E,E-N,E-S,S-E,S-W,W,N,E,S,N-W,N-E,S-E,S-W,W,E,W-S,W-N,N-W,N-E,E-N,E-S,S-E,S-W,,,,,,,,,,,,
,Pedestrian,,0,,Pedestrian,,,,,,,,,,,,,,,,,,,,,,,,,,,,,,,,,,,,,,,,,,,,,,,,
,Bike,,0,,Bike,,,,,,,,,,,,,,,,,,,,,,,,,,,,,,,,,,,,,,,,,,,,,,,,
,Scooter,,0,,Scooter,,,,,,,,,,,,,,,,,,,,,,,,,,,,,,,,,,,,,,,,,,,,,,,,
,Other,,0,,Other,,,,,,,,,,,,,,,,,,,,,,,,,,,,,,,,,,,,,,,,,,,,,,,,
,,15-min Interval Total,0,,,,,,,,,,,,,,,,,,,,,,,,,,,,,,,,,,,,,,,,,,,,,,,,,,
,,,,,,,,,,,,,,,,,,,,,,,,,,,,,,,,,,,,,,,,,,,,,,,,,,,,,
,,,,,,From,,,,,,,,,,,,,,,,,,To,,,,,,,,,,,,,,,,,,,,,,,,,,,,,
,,,,,,Road,,,,Bike Lane,,,,Bikeway,,Sidewalk,,,,,,,,Road,,,,Bike Lane,,,,Bikeway,,Sidewalk,,,,,,,,Car No Yield,,Car in Bikeway,Student,Bike Passenger,Ped Out of Crosswalk,Stroller,Jogger,,,,
,1899-12-30 04:00,Intersection Count,Totals,,,W,N,E,S,N-W,N-E,S-E,S-W,W,E,W-S,W-N,N-W,N-E,E-N,E-S,S-E,S-W,W,N,E,S,N-W,N-E,S-E,S-W,W,E,W-S,W-N,N-W,N-E,E-N,E-S,S-E,S-W,,,,,,,,,,,,
,Pedestrian,,0,,Pedestrian,,,,,,,,,,,,,,,,,,,,,,,,,,,,,,,,,,,,,,,,,,,,,,,,
,Bike,,0,,Bike,,,,,,,,,,,,,,,,,,,,,,,,,,,,,,,,,,,,,,,,,,,,,,,,
,Scooter,,0,,Scooter,,,,,,,,,,,,,,,,,,,,,,,,,,,,,,,,,,,,,,,,,,,,,,,,
,Other,,0,,Other,,,,,,,,,,,,,,,,,,,,,,,,,,,,,,,,,,,,,,,,,,,,,,,,
,,15-min Interval Total,0,,,,,,,,,,,,,,,,,,,,,,,,,,,,,,,,,,,,,,,,,,,,,,,,,,
,,,,,,,,,,,,,,,,,,,,,,,,,,,,,,,,,,,,,,,,,,,,,,,,,,,,,
,,,,,,From,,,,,,,,,,,,,,,,,,To,,,,,,,,,,,,,,,,,,,,,,,,,,,,,
,,,,,,Road,,,,Bike Lane,,,,Bikeway,,Sidewalk,,,,,,,,Road,,,,Bike Lane,,,,Bikeway,,Sidewalk,,,,,,,,Car No Yield,,Car in Bikeway,Student,Bike Passenger,Ped Out of Crosswalk,Stroller,Jogger,,,,
,1899-12-30 04:15,Intersection Count,Totals,,,W,N,E,S,N-W,N-E,S-E,S-W,W,E,W-S,W-N,N-W,N-E,E-N,E-S,S-E,S-W,W,N,E,S,N-W,N-E,S-E,S-W,W,E,W-S,W-N,N-W,N-E,E-N,E-S,S-E,S-W,,,,,,,,,,,,
,Pedestrian,,0,,Pedestrian,,,,,,,,,,,,,,,,,,,,,,,,,,,,,,,,,,,,,,,,,,,,,,,,
,Bike,,0,,Bike,,,,,,,,,,,,,,,,,,,,,,,,,,,,,,,,,,,,,,,,,,,,,,,,
,Scooter,,0,,Scooter,,,,,,,,,,,,,,,,,,,,,,,,,,,,,,,,,,,,,,,,,,,,,,,,
,Other,,0,,Other,,,,,,,,,,,,,,,,,,,,,,,,,,,,,,,,,,,,,,,,,,,,,,,,
,,15-min Interval Total,0,,,,,,,,,,,,,,,,,,,,,,,,,,,,,,,,,,,,,,,,,,,,,,,,,,
,,,,,,,,,,,,,,,,,,,,,,,,,,,,,,,,,,,,,,,,,,,,,,,,,,,,,
,,,,,,From,,,,,,,,,,,,,,,,,,To,,,,,,,,,,,,,,,,,,,,,,,,,,,,,
,,,,,,Road,,,,Bike Lane,,,,Bikeway,,Sidewalk,,,,,,,,Road,,,,Bike Lane,,,,Bikeway,,Sidewalk,,,,,,,,Car No Yield,,Car in Bikeway,Student,Bike Passenger,Ped Out of Crosswalk,Stroller,Jogger,,,,
,1899-12-30 04:30,Intersection Count,Totals,,,W,N,E,S,N-W,N-E,S-E,S-W,W,E,W-S,W-N,N-W,N-E,E-N,E-S,S-E,S-W,W,N,E,S,N-W,N-E,S-E,S-W,W,E,W-S,W-N,N-W,N-E,E-N,E-S,S-E,S-W,,,,,,,,,,,,
,Pedestrian,,0,,Pedestrian,,,,,,,,,,,,,,,,,,,,,,,,,,,,,,,,,,,,,,,,,,,,,,,,
,Bike,,0,,Bike,,,,,,,,,,,,,,,,,,,,,,,,,,,,,,,,,,,,,,,,,,,,,,,,
,Scooter,,0,,Scooter,,,,,,,,,,,,,,,,,,,,,,,,,,,,,,,,,,,,,,,,,,,,,,,,
,Other,,0,,Other,,,,,,,,,,,,,,,,,,,,,,,,,,,,,,,,,,,,,,,,,,,,,,,,
,,15-min Interval Total,0,,,,,,,,,,,,,,,,,,,,,,,,,,,,,,,,,,,,,,,,,,,,,,,,,,
,,,,,,,,,,,,,,,,,,,,,,,,,,,,,,,,,,,,,,,,,,,,,,,,,,,,,
,,,,,,From,,,,,,,,,,,,,,,,,,To,,,,,,,,,,,,,,,,,,,,,,,,,,,,,
,,,,,,Road,,,,Bike Lane,,,,Bikeway,,Sidewalk,,,,,,,,Road,,,,Bike Lane,,,,Bikeway,,Sidewalk,,,,,,,,Car No Yield,,Car in Bikeway,Student,Bike Passenger,Ped Out of Crosswalk,Stroller,Jogger,,,,
,1899-12-30 04:45,Intersection Count,Totals,,,W,N,E,S,N-W,N-E,S-E,S-W,W,E,W-S,W-N,N-W,N-E,E-N,E-S,S-E,S-W,W,N,E,S,N-W,N-E,S-E,S-W,W,E,W-S,W-N,N-W,N-E,E-N,E-S,S-E,S-W,,,,,,,,,,,,
,Pedestrian,,0,,Pedestrian,,,,,,,,,,,,,,,,,,,,,,,,,,,,,,,,,,,,,,,,,,,,,,,,
,Bike,,0,,Bike,,,,,,,,,,,,,,,,,,,,,,,,,,,,,,,,,,,,,,,,,,,,,,,,
,Scooter,,0,,Scooter,,,,,,,,,,,,,,,,,,,,,,,,,,,,,,,,,,,,,,,,,,,,,,,,
,Other,,0,,Other,,,,,,,,,,,,,,,,,,,,,,,,,,,,,,,,,,,,,,,,,,,,,,,,
,,15-min Interval Total,0,,,,,,,,,,,,,,,,,,,,,,,,,,,,,,,,,,,,,,,,,,,,,,,,,,
,,,,,,,,,,,,,,,,,,,,,,,,,,,,,,,,,,,,,,,,,,,,,,,,,,,,,
,,,,,,From,,,,,,,,,,,,,,,,,,To,,,,,,,,,,,,,,,,,,,,,,,,,,,,,
,,,,,,Road,,,,Bike Lane,,,,Bikeway,,Sidewalk,,,,,,,,Road,,,,Bike Lane,,,,Bikeway,,Sidewalk,,,,,,,,Car No Yield,,Car in Bikeway,Student,Bike Passenger,Ped Out of Crosswalk,Stroller,Jogger,,,,
,1899-12-30 05:00,Intersection Count,Totals,,,W,N,E,S,N-W,N-E,S-E,S-W,W,E,W-S,W-N,N-W,N-E,E-N,E-S,S-E,S-W,W,N,E,S,N-W,N-E,S-E,S-W,W,E,W-S,W-N,N-W,N-E,E-N,E-S,S-E,S-W,,,,,,,,,,,,
,Pedestrian,,0,,Pedestrian,,,,,,,,,,,,,,,,,,,,,,,,,,,,,,,,,,,,,,,,,,,,,,,,
,Bike,,0,,Bike,,,,,,,,,,,,,,,,,,,,,,,,,,,,,,,,,,,,,,,,,,,,,,,,
,Scooter,,0,,Scooter,,,,,,,,,,,,,,,,,,,,,,,,,,,,,,,,,,,,,,,,,,,,,,,,
,Other,,0,,Other,,,,,,,,,,,,,,,,,,,,,,,,,,,,,,,,,,,,,,,,,,,,,,,,
,,15-min Interval Total,0,,,,,,,,,,,,,,,,,,,,,,,,,,,,,,,,,,,,,,,,,,,,,,,,,,
,,,,,,,,,,,,,,,,,,,,,,,,,,,,,,,,,,,,,,,,,,,,,,,,,,,,,
,,,,,,From,,,,,,,,,,,,,,,,,,To,,,,,,,,,,,,,,,,,,,,,,,,,,,,,
,,,,,,Road,,,,Bike Lane,,,,Bikeway,,Sidewalk,,,,,,,,Road,,,,Bike Lane,,,,Bikeway,,Sidewalk,,,,,,,,Car No Yield,,Car in Bikeway,Student,Bike Passenger,Ped Out of Crosswalk,Stroller,Jogger,,,,
,1899-12-30 05:15,Intersection Count,Totals,,,W,N,E,S,N-W,N-E,S-E,S-W,W,E,W-S,W-N,N-W,N-E,E-N,E-S,S-E,S-W,W,N,E,S,N-W,N-E,S-E,S-W,W,E,W-S,W-N,N-W,N-E,E-N,E-S,S-E,S-W,,,,,,,,,,,,
,Pedestrian,,0,,Pedestrian,,,,,,,,,,,,,,,,,,,,,,,,,,,,,,,,,,,,,,,,,,,,,,,,
,Bike,,0,,Bike,,,,,,,,,,,,,,,,,,,,,,,,,,,,,,,,,,,,,,,,,,,,,,,,
,Scooter,,0,,Scooter,,,,,,,,,,,,,,,,,,,,,,,,,,,,,,,,,,,,,,,,,,,,,,,,
,Other,,0,,Other,,,,,,,,,,,,,,,,,,,,,,,,,,,,,,,,,,,,,,,,,,,,,,,,
,,15-min Interval Total,0,,,,,,,,,,,,,,,,,,,,,,,,,,,,,,,,,,,,,,,,,,,,,,,,,,
,,,,,,,,,,,,,,,,,,,,,,,,,,,,,,,,,,,,,,,,,,,,,,,,,,,,,
,,,,,,From,,,,,,,,,,,,,,,,,,To,,,,,,,,,,,,,,,,,,,,,,,,,,,,,
,,,,,,Road,,,,Bike Lane,,,,Bikeway,,Sidewalk,,,,,,,,Road,,,,Bike Lane,,,,Bikeway,,Sidewalk,,,,,,,,Car No Yield,,Car in Bikeway,Student,Bike Passenger,Ped Out of Crosswalk,Stroller,Jogger,,,,
,1899-12-30 05:30,Intersection Count,Totals,,,W,N,E,S,N-W,N-E,S-E,S-W,W,E,W-S,W-N,N-W,N-E,E-N,E-S,S-E,S-W,W,N,E,S,N-W,N-E,S-E,S-W,W,E,W-S,W-N,N-W,N-E,E-N,E-S,S-E,S-W,,,,,,,,,,,,
,Pedestrian,,0,,Pedestrian,,,,,,,,,,,,,,,,,,,,,,,,,,,,,,,,,,,,,,,,,,,,,,,,
,Bike,,0,,Bike,,,,,,,,,,,,,,,,,,,,,,,,,,,,,,,,,,,,,,,,,,,,,,,,
,Scooter,,0,,Scooter,,,,,,,,,,,,,,,,,,,,,,,,,,,,,,,,,,,,,,,,,,,,,,,,
,Other,,0,,Other,,,,,,,,,,,,,,,,,,,,,,,,,,,,,,,,,,,,,,,,,,,,,,,,
,,15-min Interval Total,0,,,,,,,,,,,,,,,,,,,,,,,,,,,,,,,,,,,,,,,,,,,,,,,,,,
,,,,,,,,,,,,,,,,,,,,,,,,,,,,,,,,,,,,,,,,,,,,,,,,,,,,,
,,,,,,From,,,,,,,,,,,,,,,,,,To,,,,,,,,,,,,,,,,,,,,,,,,,,,,,
,,,,,,Road,,,,Bike Lane,,,,Bikeway,,Sidewalk,,,,,,,,Road,,,,Bike Lane,,,,Bikeway,,Sidewalk,,,,,,,,Car No Yield,Car Yield,Car in Bikeway,Student,Bike Passenger,Ped Out of Crosswalk,Stroller,Jogger,,,,
,1899-12-30 05:45,Intersection Count,Totals,,,W,N,E,S,N-W,N-E,S-E,S-W,W,E,W-S,W-N,N-W,N-E,E-N,E-S,S-E,S-W,W,N,E,S,N-W,N-E,S-E,S-W,W,E,W-S,W-N,N-W,N-E,E-N,E-S,S-E,S-W,,,,,,,,,,,,
,Pedestrian,2,2,,Pedestrian,,,,,,,,,2,,,,,,,,,,,,,,,,,,,2,,,,,,,,,,1,,,,,,2,,,,
,Bike,1,1,,Bike,,,,,,,,,,,,,,,,,,1,,,,,,,,,,,,,1,,,,,,,,,,,,,,,,,
,Scooter,,0,,Scooter,,,,,,,,,,,,,,,,,,,,,,,,,,,,,,,,,,,,,,,,,,,,,,,,
,Other,,0,,Other,,,,,,,,,,,,,,,,,,,,,,,,,,,,,,,,,,,,,,,,,,,,,,,,
,,15-min Interval Total,3,,,,,,,,,,,,,,,,,,,,,,,,,,,,,,,,,,,,,,,,,,,,,,,,,,
,,,,,,,,,,,,,,,,,,,,,,,,,,,,,,,,,,,,,,,,,,,,,,,,,,,,,
,,,,,,From,,,,,,,,,,,,,,,,,,To,,,,,,,,,,,,,,,,,,,,,,,,,,,,,
,,,,,,Road,,,,Bike Lane,,,,Bikeway,,Sidewalk,,,,,,,,Road,,,,Bike Lane,,,,Bikeway,,Sidewalk,,,,,,,,Car No Yield,,Car in Bikeway,Student,Bike Passenger,Ped Out of Crosswalk,Stroller,Jogger,,,,
,1899-12-30 06:00,Intersection Count,Totals,,,W,N,E,S,N-W,N-E,S-E,S-W,W,E,W-S,W-N,N-W,N-E,E-N,E-S,S-E,S-W,W,N,E,S,N-W,N-E,S-E,S-W,W,E,W-S,W-N,N-W,N-E,E-N,E-S,S-E,S-W,,,,,,,,,,,,
,Pedestrian,4,4,,Pedestrian,1,,1,,,,,,,2,,,,,,,,,1,,1,,,,,,2,,,,,,,,,,,,,,,,,4,,,,
,Bike,,0,,Bike,,,,,,,,,,,,,,,,,,,,,,,,,,,,,,,,,,,,,,,,,,,,,,,,
,Scooter,,0,,Scooter,,,,,,,,,,,,,,,,,,,,,,,,,,,,,,,,,,,,,,,,,,,,,,,,
,Other,,0,,Other,,,,,,,,,,,,,,,,,,,,,,,,,,,,,,,,,,,,,,,,,,,,,,,,
,,15-min Interval Total,4,,,,,,,,,,,,,,,,,,,,,,,,,,,,,,,,,,,,,,,,,,,,,,,,,,
,,,,,,,,,,,,,,,,,,,,,,,,,,,,,,,,,,,,,,,,,,,,,,,,,,,,,
,,,,,,From,,,,,,,,,,,,,,,,,,To,,,,,,,,,,,,,,,,,,,,,,,,,,,,,
,,,,,,Road,,,,Bike Lane,,,,Bikeway,,Sidewalk,,,,,,,,Road,,,,Bike Lane,,,,Bikeway,,Sidewalk,,,,,,,,Car No Yield,Car Yield,Car in Bikeway,Student,Bike Passenger,Ped Out of Crosswalk,Stroller,Jogger,Dog,,,
,1899-12-30 06:15,Intersection Count,Totals,,,W,N,E,S,N-W,N-E,S-E,S-W,W,E,W-S,W-N,N-W,N-E,E-N,E-S,S-E,S-W,W,N,E,S,N-W,N-E,S-E,S-W,W,E,W-S,W-N,N-W,N-E,E-N,E-S,S-E,S-W,,,,,,,,,,,,
,Pedestrian,12,12,,Pedestrian,,,1,,,,,,3,2,3,,2,,1,,,,,,,,1,,,,2,2,2,2,,,,3,,,1,1,,,,1,,6,2,,,
,Bike,,0,,Bike,,,,,,,,,,,,,,,,,,,,,,,,,,,,,,,,,,,,,,,,,,,,,,,,
,Scooter,,0,,Scooter,,,,,,,,,,,,,,,,,,,,,,,,,,,,,,,,,,,,,,,,,,,,,,,,
,Other - One Wheel,,0,,Other,,,,,,,,,,,,,,,,,,,,,,,,,,,,,,,,,,,,,,,,,,,,,,,,
,,15-min Interval Total,12,,,,,,,,,,,,,,,,,,,,,,,,,,,,,,,,,,,,,,,,,,,,,,,,,,
,,,,,,,,,,,,,,,,,,,,,,,,,,,,,,,,,,,,,,,,,,,,,,,,,,,,,
,,,,,,From,,,,,,,,,,,,,,,,,,To,,,,,,,,,,,,,,,,,,,,,,,,,,,,,
,,,,,,Road,,,,Bike Lane,,,,Bikeway,,Sidewalk,,,,,,,,Road,,,,Bike Lane,,,,Bikeway,,Sidewalk,,,,,,,,Car No Yield,Car Yield,Car in Bikeway,Student,Bike Passenger,Ped Out of Crosswalk,Stroller,Jogger,Dog,,,
,1899-12-30 06:30,Intersection Count,Totals,,,W,N,E,S,N-W,N-E,S-E,S-W,W,E,W-S,W-N,N-W,N-E,E-N,E-S,S-E,S-W,W,N,E,S,N-W,N-E,S-E,S-W,W,E,W-S,W-N,N-W,N-E,E-N,E-S,S-E,S-W,,,,,,,,,,,,
,Pedestrian,8,8,,Pedestrian,,,,,,,,,1,1,,1,,,,2,2,1,,,,,,,,,1,3,2,1,1,,,,,,,2,,,,,,4,,,Car waited well in advance of people crossing the street and waited until they were all the way across @6:35:40,
,Bike,,0,,Bike,,,,,,,,,,,,,,,,,,,,,,,,,,,,,,,,,,,,,,,,,,,,,,,,
,Scooter,,0,,Scooter,,,,,,,,,,,,,,,,,,,,,,,,,,,,,,,,,,,,,,,,,,,,,,,,
,Other,,0,,Other,,,,,,,,,,,,,,,,,,,,,,,,,,,,,,,,,,,,,,,,,,,,,,,,
,,15-min Interval Total,8,,,,,,,,,,,,,,,,,,,,,,,,,,,,,,,,,,,,,,,,,,,,,,4,,,,
,,,,,,,,,,,,,,,,,,,,,,,,,,,,,,,,,,,,,,,,,,,,,,,,,,,,,
,,,,,,From,,,,,,,,,,,,,,,,,,To,,,,,,,,,,,,,,,,,,,,,,,,,,,,,
,,,,,,Road,,,,Bike Lane,,,,Bikeway,,Sidewalk,,,,,,,,Road,,,,Bike Lane,,,,Bikeway,,Sidewalk,,,,,,,,Car No Yield,Car Yield,Car in Bikeway,Student,Bike Passenger,Ped Out of Crosswalk,Stroller,Jogger,Dog,,,
,1899-12-30 06:45,Intersection Count,Totals,,,W,N,E,S,N-W,N-E,S-E,S-W,W,E,W-S,W-N,N-W,N-E,E-N,E-S,S-E,S-W,W,N,E,S,N-W,N-E,S-E,S-W,W,E,W-S,W-N,N-W,N-E,E-N,E-S,S-E,S-W,,,,,,,,,,,,
,Pedestrian,12,12,,Pedestrian,,,,,,,,,2,3,,1,1,,,1,,4,,,,,,,,,3,2,3,,2,,,,1,1,,1,,,,,,6,3,,,
,Bike,,0,,Bike,,,,,,,,,,,,,,,,,,,,,,,,,,,,,,,,,,,,,,,,,,,,,,,,
,Scooter,,0,,Scooter,,,,,,,,,,,,,,,,,,,,,,,,,,,,,,,,,,,,,,,,,,,,,,,,
,Other,,0,,Other,,,,,,,,,,,,,,,,,,,,,,,,,,,,,,,,,,,,,,,,,,,,,,,,
,,15-min Interval Total,12,,,,,,,,,,,,,,,,,,,,,,,,,,,,,,,,,,,,,,,,,,,,,,,,,,
,,,,,,,,,,,,,,,,,,,,,,,,,,,,,,,,,,,,,,,,,,,,,,,,,,,,,
,,,,,,From,,,,,,,,,,,,,,,,,,To,,,,,,,,,,,,,,,,,,,,,,,,,,,,,
,,,,,,Road,,,,Bike Lane,,,,Bikeway,,Sidewalk,,,,,,,,Road,,,,Bike Lane,,,,Bikeway,,Sidewalk,,,,,,,,Car No Yield,Car Yield,Car in Bikeway,Student,Bike Passenger,Ped Out of Crosswalk,Stroller,Jogger,Dog,Backpack,,
,1899-12-30 07:00,Intersection Count,Totals,,,W,N,E,S,N-W,N-E,S-E,S-W,W,E,W-S,W-N,N-W,N-E,E-N,E-S,S-E,S-W,W,N,E,S,N-W,N-E,S-E,S-W,W,E,W-S,W-N,N-W,N-E,E-N,E-S,S-E,S-W,,,,,,,,,,,,
,Pedestrian,6,6,,Pedestrian,,,,,,,,,2,1,1,,2,,,,,,,,,,,,,,1,,,,1,,,,2,2,2,3,,,,2,,3,,,,
,Bike,2,2,,Bike,,,,,,,,,,2,,,,,,,,,,,,,,,,,1,,,,,,,,,1,,1,,,,,,,,2,,
,Scooter,1,1,,Scooter,,,,,,,1,,,,,,,,,,,,,,,,,1,,,,,,,,,,,,,,,,,,,,,,1,,
,Other,,0,,Other,,,,,,,,,,,,,,,,,,,,,,,,,,,,,,,,,,,,,,,,,,,,,,,,
,,15-min Interval Total,9,,,,,,,,,,,,,,,,,,,,,,,,,,,,,,,,,,,,,,,,,,,,,,,,,,
,,,,,,,,,,,,,,,,,,,,,,,,,,,,,,,,,,,,,,,,,,,,,,,,,,,,,
,,,,,,From,,,,,,,,,,,,,,,,,,To,,,,,,,,,,,,,,,,,,,,,,,,,,,,,
,,,,,,Road,,,,Bike Lane,,,,Bikeway,,Sidewalk,,,,,,,,Road,,,,Bike Lane,,,,Bikeway,,Sidewalk,,,,,,,,Car No Yield,,Car in Bikeway,Student,Bike Passenger,Ped Out of Crosswalk,Stroller,Jogger,Dog,Backpack,,
,1899-12-30 07:15,Intersection Count,Totals,,,W,N,E,S,N-W,N-E,S-E,S-W,W,E,W-S,W-N,N-W,N-E,E-N,E-S,S-E,S-W,W,N,E,S,N-W,N-E,S-E,S-W,W,E,W-S,W-N,N-W,N-E,E-N,E-S,S-E,S-W,,,,,,,,,,,,
,Pedestrian,5,5,,Pedestrian,,,,,,,,,2,,,1,,,,2,,,,,,,1,,,,,1,2,,1,,,,,,,,,,,,,1,2,,,
,Bike,3,3,,Bike,,,,,,,,,2,1,,,,,,,,,,,,,,,,,,2,,1,,,,,,,,,,,,,,,,3,,
,Scooter,,0,,Scooter,,,,,,,,,,,,,,,,,,,,,,,,,,,,,,,,,,,,,,,,,,,,,,,,
,Other ,,0,,Other,,,,,,,,,,,,,,,,,,,,,,,,,,,,,,,,,,,,,,,,,,,,,,,,
,,15-min Interval Total,8,,,Numbers off here,,,,,,,,,,,,,,,,,,,,,,,,,,,,,,,,,,,,,,,,,,,,,,,
,,,,,,,,,,,,,,,,,,,,,,,,,,,,,,,,,,,,,,,,,,,,,,,,,,,,,
,,,,,,From,,,,,,,,,,,,,,,,,,To,,,,,,,,,,,,,,,,,,,,,,,,,,,,,
,,,,,,Road,,,,Bike Lane,,,,Bikeway,,Sidewalk,,,,,,,,Road,,,,Bike Lane,,,,Bikeway,,Sidewalk,,,,,,,,Car No Yield,,Car in Bikeway,Student,Bike Passenger,Ped Out of Crosswalk,Stroller,Jogger,Dog,Backpack,,
,1899-12-30 07:30,Intersection Count,Totals,,,W,N,E,S,N-W,N-E,S-E,S-W,W,E,W-S,W-N,N-W,N-E,E-N,E-S,S-E,S-W,W,N,E,S,N-W,N-E,S-E,S-W,W,E,W-S,W-N,N-W,N-E,E-N,E-S,S-E,S-W,,,,,,,,,,,,
,Pedestrian,3,3,,Pedestrian,,,,,,,,,,1,,,,,,1,,1,,,,,,1,,,,,2,,,,,,,,,,,,,,,1,,,,
,Bike,1,1,,Bike,,,1,,,,,,,,,,,,,,,,1,,,,,,,,,,,,,,,,,,,,,,,,,,,,,
,Scooter,,0,,Scooter,,,,,,,,,,,,,,,,,,,,,,,,,,,,,,,,,,,,,,,,,,,,,,,,
,Other,,0,,Other,,,,,,,,,,,,,,,,,,,,,,,,,,,,,,,,,,,,,,,,,,,,,,,,
,,15-min Interval Total,4,,,,,,,,,,,,,,,,,,,,,,,,,,,,,,,,,,,,,,,,,,,,,,,,,,
,,,,,,,,,,,,,,,,,,,,,,,,,,,,,,,,,,,,,,,,,,,,,,,,,,,,,
,,,,,,From,,,,,,,,,,,,,,,,,,To,,,,,,,,,,,,,,,,,,,,,,,,,,,,,
,,,,,,Road,,,,Bike Lane,,,,Bikeway,,Sidewalk,,,,,,,,Road,,,,Bike Lane,,,,Bikeway,,Sidewalk,,,,,,,,Car No Yield,,Car in Bikeway,Student,Bike Passenger,Ped Out of Crosswalk,Stroller,Jogger,Dog,Backpack,,
,1899-12-30 07:45,Intersection Count,Totals,,,W,N,E,S,N-W,N-E,S-E,S-W,W,E,W-S,W-N,N-W,N-E,E-N,E-S,S-E,S-W,W,N,E,S,N-W,N-E,S-E,S-W,W,E,W-S,W-N,N-W,N-E,E-N,E-S,S-E,S-W,,,,,,,,,,,,
,Pedestrian,5,5,,Pedestrian,,,1,,,,,,2,,,1,,,1,,,,1,,,,,,,,,2,1,,,1,,,,,,,,,,,,3,1,,,
,Bike,3,3,,Bike,,,,,,,,,,1,,,,,,2,,,2,,,,,,,,1,,,,,,,,,,,,,,,,,,,3,,
,Scooter,,0,,Scooter,,,,,,,,,,,,,,,,,,,,,,,,,,,,,,,,,,,,,,,,,,,,,,,,
,Other,,0,,Other,,,,,,,,,,,,,,,,,,,,,,,,,,,,,,,,,,,,,,,,,,,,,,,,
,,15-min Interval Total,8,,,,,,,,,,,,,,,,,,,,,,,,,,,,,,,,,,,,,,,,,,,,,,,,,,
,,,,,,,,,,,,,,,,,,,,,,,,,,,,,,,,,,,,,,,,,,,,,,,,,,,,,
,,,,,,From,,,,,,,,,,,,,,,,,,To,,,,,,,,,,,,,,,,,,,,,,,,,,,,,
,,,,,,Road,,,,Bike Lane,,,,Bikeway,,Sidewalk,,,,,,,,Road,,,,Bike Lane,,,,Bikeway,,Sidewalk,,,,,,,,Car No Yield,,Car in Bikeway,Student,Bike Passenger,Ped Out of Crosswalk,Stroller,Jogger,Dog,Backpack,,
,1899-12-30 08:00,Intersection Count,Totals,,,W,N,E,S,N-W,N-E,S-E,S-W,W,E,W-S,W-N,N-W,N-E,E-N,E-S,S-E,S-W,W,N,E,S,N-W,N-E,S-E,S-W,W,E,W-S,W-N,N-W,N-E,E-N,E-S,S-E,S-W,,,,,,,,,,,,
,Pedestrian,4,4,,Pedestrian,,,,,,,,,,,,,3,,,1,,,,,,,,,,,,,1,3,,,,,,,,,,,,,,2,,,,
,Bike,2,2,,Bike,,,,,,,,,,,,,2,,,,,,,,,,,,,,,,,,,,,,,2,,,,1,,,,,,,,
,Scooter,,0,,Scooter,,,,,,,,,,,,,,,,,,,,,,,,,,,,,,,,,,,,,,,,,,,,,,,,
,Other - Surron,,0,,Other,,,,,,,,,,,,,,,,,,,,,,,,,,,,,,,,,,,,,,,,,,,,,,,,
,,15-min Interval Total,6,,,,,,,,,,,,,,,,,,,,,,,,,,,,,,,,,,,,,,,,,,,,,,,,,,
,,,,,,,,,,,,,,,,,,,,,,,,,,,,,,,,,,,,,,,,,,,,,,,,,,,,,
,,,,,,From,,,,,,,,,,,,,,,,,,To,,,,,,,,,,,,,,,,,,,,,,,,,,,,,
,,,,,,Road,,,,Bike Lane,,,,Bikeway,,Sidewalk,,,,,,,,Road,,,,Bike Lane,,,,Bikeway,,Sidewalk,,,,,,,,Car No Yield,Car Yield,Car in Bikeway,Student,Bike Passenger,Ped Out of Crosswalk,Stroller,Jogger,Dog,Backpack,,
,1899-12-30 08:15,Intersection Count,Totals,,,W,N,E,S,N-W,N-E,S-E,S-W,W,E,W-S,W-N,N-W,N-E,E-N,E-S,S-E,S-W,W,N,E,S,N-W,N-E,S-E,S-W,W,E,W-S,W-N,N-W,N-E,E-N,E-S,S-E,S-W,,,,,,,,,,,,
,Pedestrian,5,5,,Pedestrian,,,,,,,,,1,,2,,,,,1,,1,,,,,,,,,,1,1,,,,,,1,2,,1,,,,,,1,,,"Pickup starts to go WB on 700 S but stops at crosswalk, has yield zone to wait in so N/S traffic keeps moving @8:17:33",
,Bike,2,2,,Bike,,,,,,,1,,,,,,,,,,,1,,,,,,1,,,,,,,1,,,,,,,,,,,,,,,,,
,Scooter,,0,,Scooter,,,,,,,,,,,,,,,,,,,,,,,,,,,,,,,,,,,,,,,,,,,,,,,,
,Other,,0,,Other,,,,,,,,,,,,,,,,,,,,,,,,,,,,,,,,,,,,,,,,,,,,,,,,
,,15-min Interval Total,7,,,,,,,,,,,,,,,,,,,,,,,,,,,,,,,,,,,,,,,,,,,,,,,,,,
,,,,,,,,,,,,,,,,,,,,,,,,,,,,,,,,,,,,,,,,,,,,,,,,,,,,,
,,,,,,From,,,,,,,,,,,,,,,,,,To,,,,,,,,,,,,,,,,,,,,,,,,,,,,,
,,,,,,Road,,,,Bike Lane,,,,Bikeway,,Sidewalk,,,,,,,,Road,,,,Bike Lane,,,,Bikeway,,Sidewalk,,,,,,,,Car No Yield,Car Yield,Car in Bikeway,Student,Bike Passenger,Ped Out of Crosswalk,Stroller,Jogger,Dog,Backpack,,
,1899-12-30 08:30,Intersection Count,Totals,,,W,N,E,S,N-W,N-E,S-E,S-W,W,E,W-S,W-N,N-W,N-E,E-N,E-S,S-E,S-W,W,N,E,S,N-W,N-E,S-E,S-W,W,E,W-S,W-N,N-W,N-E,E-N,E-S,S-E,S-W,,,,,,,,,,,,
,Pedestrian,9,9,,Pedestrian,,,,,,,,,,1,2,,2,,,2,2,,,,,,,,,,,,,3,,2,,2,1,1,,3,,1,,,,,4,1,,
,Bike,6,6,,Bike,,,,,,,,,,1,,,4,,,,,1,,,,,,,,,,,,,1,,,,,5,1,1,,5,,,,,,5,,
,Scooter,2,2,,Scooter,,,,,1,,,,,,,,1,,,,,,,,,,,,,,,,,,,,,,,2,,,,2,,,,,,2,,
,Other,,0,,Other,,,,,,,,,,,,,,,,,,,,,,,,,,,,,,,,,,,,,,,,,,,,,,,,
,,15-min Interval Total,17,,,,,,,,,,,,,,,,,,,,,,,,,,,,,,,,,,,,,,,,,,,,,,,,,,
,,,,,,,,,,,,,,,,,,,,,,,,,,,,,,,,,,,,,,,,,,,,,,,,,,,,,
,,,,,,From,,,,,,,,,,,,,,,,,,To,,,,,,,,,,,,,,,,,,,,,,,,,,,,,
,,,,,,Road,,,,Bike Lane,,,,Bikeway,,Sidewalk,,,,,,,,Road,,,,Bike Lane,,,,Bikeway,,Sidewalk,,,,,,,,Car No Yield,Car Yield,Car in Bikeway,Student,Bike Passenger,Ped Out of Crosswalk,Stroller,Jogger,Dog,Backpack,,
,1899-12-30 08:45,Intersection Count,Totals,,,W,N,E,S,N-W,N-E,S-E,S-W,W,E,W-S,W-N,N-W,N-E,E-N,E-S,S-E,S-W,W,N,E,S,N-W,N-E,S-E,S-W,W,E,W-S,W-N,N-W,N-E,E-N,E-S,S-E,S-W,,,,,,,,,,,,
,Pedestrian,57,57,,Pedestrian,,,,,,,,,1,,,9,20,12,4,10,,1,,,,,,,,,1,1,,1,,,,,12,44,,,,11,,2,5,1,,7,Boy falls off bike when stopped on the NE corner - girl helps him up @8:47:47,
,Bike,60,60,,Bike,,,,,,,,1,3,11,,2,25,9,3,6,1,,,,,,,1,,,1,,,,1,,,1,6,51,,,,12,,,,,,9,,
,Scooter,35,35,,Scooter,,,,,1,,,,,3,,5,2,11,8,4,,,,,,,,,,1,,,,,,,,,4,27,,,,10,,,,,,2,,
,Other,,0,,Other,,,,,,,,,,,,,,,,,,,,,,,,,,,,,,,,,,,,,,,,,,,,,,,,
,,15-min Interval Total,152,,,,,,,,,,,,,,,,,,,,,,,,,,,,,,,,,,,,,,,,,,,,,,,,,,
,,,,,,,,,,,,,,,,,,,,,,,,,,,,,,,,,,,,,,,,,,,,,,,,,,,,,
,,,,,,From,,,,,,,,,,,,,,,,,,To,,,,,,,,,,,,,,,,,,,,,,,,,,,,,
,,,,,,Road,,,,Bike Lane,,,,Bikeway,,Sidewalk,,,,,,,,Road,,,,Bike Lane,,,,Bikeway,,Sidewalk,,,,,,,,Car No Yield,Car Yield,Car in Bikeway,Student,Bike Passenger,Ped Out of Crosswalk,Stroller,Jogger,Dog,Backpack,,
,1899-12-30 09:00,Intersection Count,Totals,,,W,N,E,S,N-W,N-E,S-E,S-W,W,E,W-S,W-N,N-W,N-E,E-N,E-S,S-E,S-W,W,N,E,S,N-W,N-E,S-E,S-W,W,E,W-S,W-N,N-W,N-E,E-N,E-S,S-E,S-W,,,,,,,,,,,,
,Pedestrian,41,41,,Pedestrian,,,,,1,,,,,1,7,2,5,4,14,1,1,5,,,,,1,,,,,,,,,3,3,1,1,34,1,1,,20,,4,2,,2,,,
,Bike,23,23,,Bike,,,,,3,,,,,8,,,4,5,1,1,,1,,,,,,,,,,,,,,,,,1,20,,,,15,,,,,,,,
,Scooter,17,17,,Scooter,,,,,1,,1,,,3,,3,3,1,5,,,,,,,,,,,,,,,,,,,1,,16,,,,15,,,,,,,,
,Other - e-skateboard,1,1,,Other,,,,,,,,,,1,,,,,,,,,,,,,,,,,,,,,,,,,,1,,,,,,,,,,,,
,,15-min Interval Total,82,,,,,,,,,,,,,,,,,,,,,,,,,,,,,,,,,,,,,,,,,,,,,,,,,,
,,,,,,,,,,,,,,,,,,,,,,,,,,,,,,,,,,,,,,,,,,,,,,,,,,,,,
,,,,,,From,,,,,,,,,,,,,,,,,,To,,,,,,,,,,,,,,,,,,,,,,,,,,,,,
,,,,,,Road,,,,Bike Lane,,,,Bikeway,,Sidewalk,,,,,,,,Road,,,,Bike Lane,,,,Bikeway,,Sidewalk,,,,,,,,Car No Yield,Car Yield,Car in Bikeway,Student,Bike Passenger,Ped Out of Crosswalk,Stroller,Jogger,Dog,Backpack,Bike no Stop*,*When the bike should stop since a car was at the intersection
,1899-12-30 09:15,Intersection Count,Totals,,,W,N,E,S,N-W,N-E,S-E,S-W,W,E,W-S,W-N,N-W,N-E,E-N,E-S,S-E,S-W,W,N,E,S,N-W,N-E,S-E,S-W,W,E,W-S,W-N,N-W,N-E,E-N,E-S,S-E,S-W,,,,,,,,,,,,
,Pedestrian,34,34,,Pedestrian,,,,,,,,,1,,,2,,,1,1,,29,,,,,,,,,3,1,,4,19,4,2,,1,,1,9,,,,,5,1,2,,,
,Bike,12,12,,Bike,,,,,,,,,1,,,,,,,,,11,,,,,,,,,1,1,,2,6,,2,,,,,,,,,,,,,,1,
,Scooter,2,2,,Scooter,,,,,,,,,,,,,,1,,,,1,,,,,,,,,,,,,,,1,,,1,,,,1,,,,,,,,
,Other,,0,,Other,,,,,,,,,,,,,,,,,,,,,,,,,,,,,,,,,,,,,,,,,,,,,,,,
,,15-min Interval Total,48,,,,,,,,,,,,,,,,,,,,,,,,,,,,,,,,,,,,,,,,,,,,,,,,,,
,,,,,,,,,,,,,,,,,,,,,,,,,,,,,,,,,,,,,,,,,,,,,,,,,,,,,
,,,,,,From,,,,,,,,,,,,,,,,,,To,,,,,,,,,,,,,,,,,,,,,,,,,,,,,
,,,,,,Road,,,,Bike Lane,,,,Bikeway,,Sidewalk,,,,,,,,Road,,,,Bike Lane,,,,Bikeway,,Sidewalk,,,,,,,,Car No Yield,Car Yield,Car in Bikeway,Student,Bike Passenger,Ped Out of Crosswalk,Stroller,Jogger,Dog,Backpack,,
,1899-12-30 09:30,Intersection Count,Totals,,,W,N,E,S,N-W,N-E,S-E,S-W,W,E,W-S,W-N,N-W,N-E,E-N,E-S,S-E,S-W,W,N,E,S,N-W,N-E,S-E,S-W,W,E,W-S,W-N,N-W,N-E,E-N,E-S,S-E,S-W,,,,,,,,,,,,
,Pedestrian,6,6,,Pedestrian,,,,,,,,,,3,,,1,,,2,,,,,,,,,,,5,,,,,,1,,,,,1,,,,,,3,2,,,
,Bike,,0,,Bike,,,,,,,,,,,,,,,,,,,,,,,,,,,,,,,,,,,,,,,,,,,,,,,,
,Scooter,,0,,Scooter,,,,,,,,,,,,,,,,,,,,,,,,,,,,,,,,,,,,,,,,,,,,,,,,
,Other,,0,,Other,,,,,,,,,,,,,,,,,,,,,,,,,,,,,,,,,,,,,,,,,,,,,,,,
,,15-min Interval Total,6,,,,,,,,,,,,,,,,,,,,,,,,,,,,,,,,,,,,,,,,,,,,,,,,,,
,,,,,,,,,,,,,,,,,,,,,,,,,,,,,,,,,,,,,,,,,,,,,,,,,,,,,
,,,,,,From,,,,,,,,,,,,,,,,,,To,,,,,,,,,,,,,,,,,,,,,,,,,,,,,
,,,,,,Road,,,,Bike Lane,,,,Bikeway,,Sidewalk,,,,,,,,Road,,,,Bike Lane,,,,Bikeway,,Sidewalk,,,,,,,,Car No Yield,Car Yield,Car in Bikeway,Student,Bike Passenger,Ped Out of Crosswalk,Stroller,Jogger,Dog,Backpack,,
,1899-12-30 09:45,Intersection Count,Totals,,,W,N,E,S,N-W,N-E,S-E,S-W,W,E,W-S,W-N,N-W,N-E,E-N,E-S,S-E,S-W,W,N,E,S,N-W,N-E,S-E,S-W,W,E,W-S,W-N,N-W,N-E,E-N,E-S,S-E,S-W,,,,,,,,,,,,
,Pedestrian,1,1,,Pedestrian,,,,,,,,,,,,,,1,,,,,,,,,,,,,,,,,,,1,,,,,,,,,,,,,,Truck makes long sweeping turn with extra long trailer @9:54:13,
,Bike,,0,,Bike,,,,,,,,,,,,,,,,,,,,,,,,,,,,,,,,,,,,,,,,,,,,,,,,
,Scooter,,0,,Scooter,,,,,,,,,,,,,,,,,,,,,,,,,,,,,,,,,,,,,,,,,,,,,,,,
,Other,,0,,Other,,,,,,,,,,,,,,,,,,,,,,,,,,,,,,,,,,,,,,,,,,,,,,,,
,,15-min Interval Total,1,,,,,,,,,,,,,,,,,,,,,,,,,,,,,,,,,,,,,,,,,,,,,,,,,,
,,,,,,,,,,,,,,,,,,,,,,,,,,,,,,,,,,,,,,,,,,,,,,,,,,,,,
,,,,,,From,,,,,,,,,,,,,,,,,,To,,,,,,,,,,,,,,,,,,,,,,,,,,,,,
,,,,,,Road,,,,Bike Lane,,,,Bikeway,,Sidewalk,,,,,,,,Road,,,,Bike Lane,,,,Bikeway,,Sidewalk,,,,,,,,Car No Yield,Car Yield,Car in Bikeway,Student,Bike Passenger,Ped Out of Crosswalk,Stroller,Jogger,Dog,Backpack,,
,1899-12-30 10:00,Intersection Count,Totals,,,W,N,E,S,N-W,N-E,S-E,S-W,W,E,W-S,W-N,N-W,N-E,E-N,E-S,S-E,S-W,W,N,E,S,N-W,N-E,S-E,S-W,W,E,W-S,W-N,N-W,N-E,E-N,E-S,S-E,S-W,,,,,,,,,,,,
,Pedestrian,,0,,Pedestrian,,,,,,,,,,,,1,,,,,,,,,,,,,,,,,,,1,,,,,,,,,,,,,,,,,
,Bike,,0,,Bike,,,,,,,,,,,,,,,,,,,,,,,,,,,,,,,,,,,,,,,,,,,,,,,,
,Scooter,,0,,Scooter,,,,,,,,,,,,,,,,,,,,,,,,,,,,,,,,,,,,,,,,,,,,,,,,
,Other,,0,,Other,,,,,,,,,,,,,,,,,,,,,,,,,,,,,,,,,,,,,,,,,,,,,,,,
,,15-min Interval Total,0,,,,,,,,,,,,,,,,,,,,,,,,,,,,,,,,,,,,,,,,,,,,,,,,,,
,,,,,,,,,,,,,,,,,,,,,,,,,,,,,,,,,,,,,,,,,,,,,,,,,,,,,
,,,,,,From,,,,,,,,,,,,,,,,,,To,,,,,,,,,,,,,,,,,,,,,,,,,,,,,
,,,,,,Road,,,,Bike Lane,,,,Bikeway,,Sidewalk,,,,,,,,Road,,,,Bike Lane,,,,Bikeway,,Sidewalk,,,,,,,,Car No Yield,Car Yield,Car in Bikeway,Student,Bike Passenger,Ped Out of Crosswalk,Stroller,Jogger,Dog,Backpack,,
,1899-12-30 10:15,Intersection Count,Totals,,,W,N,E,S,N-W,N-E,S-E,S-W,W,E,W-S,W-N,N-W,N-E,E-N,E-S,S-E,S-W,W,N,E,S,N-W,N-E,S-E,S-W,W,E,W-S,W-N,N-W,N-E,E-N,E-S,S-E,S-W,,,,,,,,,,,,
,Pedestrian,3,3,,Pedestrian,,,,,,,,,3,,,,,,,,,,,,,,,,,,,3,,,,,,,,,,,,,,,,,1,,Truck with long trailer and bobcat makes right turn @10:27:16,
,Bike,2,2,,Bike,,,,,1,,1,,,,,,,,,,,,,,,,,1,,,1,,,,,,,,,,,,,,,,,,,,,
,Scooter,,0,,Scooter,,,,,,,,,,,,,,,,,,,,,,,,,,,,,,,,,,,,,,,,,,,,,,,,
,Other,,0,,Other,,,,,,,,,,,,,,,,,,,,,,,,,,,,,,,,,,,,,,,,,,,,,,,,
,,15-min Interval Total,5,,,,,,,,,,,,,,,,,,,,,,,,,,,,,,,,,,,,,,,,,,,,,,,,,,
,,,,,,,,,,,,,,,,,,,,,,,,,,,,,,,,,,,,,,,,,,,,,,,,,,,,,
,,,,,,From,,,,,,,,,,,,,,,,,,To,,,,,,,,,,,,,,,,,,,,,,,,,,,,,
,,,,,,Road,,,,Bike Lane,,,,Bikeway,,Sidewalk,,,,,,,,Road,,,,Bike Lane,,,,Bikeway,,Sidewalk,,,,,,,,Car No Yield,Car Yield,Car in Bikeway,Student,Bike Passenger,Ped Out of Crosswalk,Stroller,Jogger,Dog,Backpack,,
,1899-12-30 10:30,Intersection Count,Totals,,,W,N,E,S,N-W,N-E,S-E,S-W,W,E,W-S,W-N,N-W,N-E,E-N,E-S,S-E,S-W,W,N,E,S,N-W,N-E,S-E,S-W,W,E,W-S,W-N,N-W,N-E,E-N,E-S,S-E,S-W,,,,,,,,,,,,
,Pedestrian,1,1,,Pedestrian,,,,,,,,,,,,,,,1,,,,,,,,,,,,,,,1,,,,,,,,1,,,,,,1,1,,,
,Bike,2,2,,Bike,,,,,1,,,,1,,,,,,,,,,,,,,,,,,,2,,,,,,,,,,,,,,,,,,1,,
,Scooter,,0,,Scooter,,,,,,,,,,,,,,,,,,,,,,,,,,,,,,,,,,,,,,,,,,,,,,,,
,Other,,0,,Other,,,,,,,,,,,,,,,,,,,,,,,,,,,,,,,,,,,,,,,,,,,,,,,,
,,15-min Interval Total,3,,,,,,,,,,,,,,,,,,,,,,,,,,,,,,,,,,,,,,,,,,,,,,,,,,
,,,,,,,,,,,,,,,,,,,,,,,,,,,,,,,,,,,,,,,,,,,,,,,,,,,,,
,,,,,,From,,,,,,,,,,,,,,,,,,To,,,,,,,,,,,,,,,,,,,,,,,,,,,,,
,,,,,,Road,,,,Bike Lane,,,,Bikeway,,Sidewalk,,,,,,,,Road,,,,Bike Lane,,,,Bikeway,,Sidewalk,,,,,,,,Car No Yield,Car Yield,Car in Bikeway,Student,Bike Passenger,Ped Out of Crosswalk,Stroller,Jogger,Dog,Backpack,,
,1899-12-30 10:45,Intersection Count,Totals,,,W,N,E,S,N-W,N-E,S-E,S-W,W,E,W-S,W-N,N-W,N-E,E-N,E-S,S-E,S-W,W,N,E,S,N-W,N-E,S-E,S-W,W,E,W-S,W-N,N-W,N-E,E-N,E-S,S-E,S-W,,,,,,,,,,,,
,Pedestrian,,0,,Pedestrian,,,,,,,,,,,,,,,,,,,,,,,,,,,,,,,,,,,,,,,,,,,,,,,,
,Bike,2,2,,Bike,,,,,,,,,,2,,,,,,,,,,,,,,,,,2,,,,,,,,,,,1,1,,,,,,1,,Mail truck in bikeway @10:50:09,
,Scooter,,0,,Scooter,,,,,,,,,,,,,,,,,,,,,,,,,,,,,,,,,,,,,,,,,,,,,,,,
,Other,,0,,Other,,,,,,,,,,,,,,,,,,,,,,,,,,,,,,,,,,,,,,,,,,,,,,,,
,,15-min Interval Total,2,,,,,,,,,,,,,,,,,,,,,,,,,,,,,,,,,,,,,,,,,,,,,,,,,,
,,,,,,,,,,,,,,,,,,,,,,,,,,,,,,,,,,,,,,,,,,,,,,,,,,,,,
,,,,,,From,,,,,,,,,,,,,,,,,,To,,,,,,,,,,,,,,,,,,,,,,,,,,,,,
,,,,,,Road,,,,Bike Lane,,,,Bikeway,,Sidewalk,,,,,,,,Road,,,,Bike Lane,,,,Bikeway,,Sidewalk,,,,,,,,Car No Yield,Car Yield,Car in Bikeway,Student,Bike Passenger,Ped Out of Crosswalk,Stroller,Jogger,Dog,Backpack,,
,1899-12-30 11:00,Intersection Count,Totals,,,W,N,E,S,N-W,N-E,S-E,S-W,W,E,W-S,W-N,N-W,N-E,E-N,E-S,S-E,S-W,W,N,E,S,N-W,N-E,S-E,S-W,W,E,W-S,W-N,N-W,N-E,E-N,E-S,S-E,S-W,,,,,,,,,,,,
,Pedestrian,1,1,,Pedestrian,,,,,,,,,,,,,,,,1,,,,,,,,,,,,,,,,,,,1,,,,,,,,,,,,,
,Bike,,0,,Bike,,,,,,,,,,,,,,,,,,,,,,,,,,,,,,,,,,,,,,,,,,,,,,,,
,Scooter,,0,,Scooter,,,,,,,,,,,,,,,,,,,,,,,,,,,,,,,,,,,,,,,,,,,,,,,,
,Other,,0,,Other,,,,,,,,,,,,,,,,,,,,,,,,,,,,,,,,,,,,,,,,,,,,,,,,
,,15-min Interval Total,1,,,,,,,,,,,,,,,,,,,,,,,,,,,,,,,,,,,,,,,,,,,,,,,,,,
,,,,,,,,,,,,,,,,,,,,,,,,,,,,,,,,,,,,,,,,,,,,,,,,,,,,,
,,,,,,From,,,,,,,,,,,,,,,,,,To,,,,,,,,,,,,,,,,,,,,,,,,,,,,,
,,,,,,Road,,,,Bike Lane,,,,Bikeway,,Sidewalk,,,,,,,,Road,,,,Bike Lane,,,,Bikeway,,Sidewalk,,,,,,,,Car No Yield,Car Yield,Car in Bikeway,Student,Bike Passenger,Ped Out of Crosswalk,Stroller,Jogger,Dog,Backpack,,
,1899-12-30 11:15,Intersection Count,Totals,,,W,N,E,S,N-W,N-E,S-E,S-W,W,E,W-S,W-N,N-W,N-E,E-N,E-S,S-E,S-W,W,N,E,S,N-W,N-E,S-E,S-W,W,E,W-S,W-N,N-W,N-E,E-N,E-S,S-E,S-W,,,,,,,,,,,,
,Pedestrian,2,2,,Pedestrian,,,,,,,,,,,,,,,,2,,,,,,,,,,,,,2,,,,,,,,,2,,,,,,,,,Long-tail cargo bike with two kids @11:20:38,
,Bike,4,4,,Bike,,1,,,,,,,,3,,,,,,,,,,,,,,,,,3,1,,,,,,,,,,,,,2,,,,,,Man on adult tricycle @11:21:56,
,Scooter,,0,,Scooter,,,,,,,,,,,,,,,,,,,,,,,,,,,,,,,,,,,,,,,,,,,,,,,,
,Other,,0,,Other,,,,,,,,,,,,,,,,,,,,,,,,,,,,,,,,,,,,,,,,,,,,,,,,
,,15-min Interval Total,6,,,,,,,,,,,,,,,,,,,,,,,,,,,,,,,,,,,,,,,,,,,,,,,,,,
,,,,,,,,,,,,,,,,,,,,,,,,,,,,,,,,,,,,,,,,,,,,,,,,,,,,,
,,,,,,From,,,,,,,,,,,,,,,,,,To,,,,,,,,,,,,,,,,,,,,,,,,,,,,,
,,,,,,Road,,,,Bike Lane,,,,Bikeway,,Sidewalk,,,,,,,,Road,,,,Bike Lane,,,,Bikeway,,Sidewalk,,,,,,,,Car No Yield,Car Yield,Car in Bikeway,Student,Bike Passenger,Ped Out of Crosswalk,Stroller,Jogger,Dog,Backpack,,
,1899-12-30 11:30,Intersection Count,Totals,,,W,N,E,S,N-W,N-E,S-E,S-W,W,E,W-S,W-N,N-W,N-E,E-N,E-S,S-E,S-W,W,N,E,S,N-W,N-E,S-E,S-W,W,E,W-S,W-N,N-W,N-E,E-N,E-S,S-E,S-W,,,,,,,,,,,,
,Pedestrian,3,3,,Pedestrian,,,,,,,,,,,2,1,,,,,,,,,,,,,,,,,,,1,,,2,,,1,1,,,,,,,,,,
,Bike,,0,,Bike,,,,,,,,,,,,,,,,,,,,,,,,,,,,,,,,,,,,,,,,,,,,,,,,
,Scooter,,0,,Scooter,,,,,,,,,,,,,,,,,,,,,,,,,,,,,,,,,,,,,,,,,,,,,,,,
,Other,,0,,Other,,,,,,,,,,,,,,,,,,,,,,,,,,,,,,,,,,,,,,,,,,,,,,,,
,,15-min Interval Total,3,,,,,,,,,,,,,,,,,,,,,,,,,,,,,,,,,,,,,,,,,,,,,,,,,,
,,,,,,,,,,,,,,,,,,,,,,,,,,,,,,,,,,,,,,,,,,,,,,,,,,,,,
,,,,,,From,,,,,,,,,,,,,,,,,,To,,,,,,,,,,,,,,,,,,,,,,,,,,,,,
,,,,,,Road,,,,Bike Lane,,,,Bikeway,,Sidewalk,,,,,,,,Road,,,,Bike Lane,,,,Bikeway,,Sidewalk,,,,,,,,Car No Yield,Car Yield,Car in Bikeway,Student,Bike Passenger,Ped Out of Crosswalk,Stroller,Jogger,Dog,Backpack,,
,1899-12-30 11:45,Intersection Count,Totals,,,W,N,E,S,N-W,N-E,S-E,S-W,W,E,W-S,W-N,N-W,N-E,E-N,E-S,S-E,S-W,W,N,E,S,N-W,N-E,S-E,S-W,W,E,W-S,W-N,N-W,N-E,E-N,E-S,S-E,S-W,,,,,,,,,,,,
,Pedestrian,,0,,Pedestrian,,,,,,,,,,,,,,,,,,,,,,,,,,,,,,,,,,,,,,,,,,,,,,,UPS truck manages a U-turn in the intersection @11:48:00,
,Bike,5,5,,Bike,,,,,,,,,3,2,,,,,,,,,,,,,,,,,2,3,,,,,,,,,,,,,2,,,,,,Long-tail cargo bike with two kids @11:52:13,
,Scooter,,0,,Scooter,,,,,,,,,,,,,,,,,,,,,,,,,,,,,,,,,,,,,,,,,,,,,,,Double trailer semi makes left turn with pickup waiting - pickup moves a little - semi gets through @11:53:55,
,Other,,0,,Other,,,,,,,,,,,,,,,,,,,,,,,,,,,,,,,,,,,,,,,,,,,,,,,,
,,15-min Interval Total,5,,,,,,,,,,,,,,,,,,,,,,,,,,,,,,,,,,,,,,,,,,,,,,,,,,
,,,,,,,,,,,,,,,,,,,,,,,,,,,,,,,,,,,,,,,,,,,,,,,,,,,,,
,,,,,,From,,,,,,,,,,,,,,,,,,To,,,,,,,,,,,,,,,,,,,,,,,,,,,,,
,,,,,,Road,,,,Bike Lane,,,,Bikeway,,Sidewalk,,,,,,,,Road,,,,Bike Lane,,,,Bikeway,,Sidewalk,,,,,,,,Car No Yield,Car Yield,Car in Bikeway,Student,Bike Passenger,Ped Out of Crosswalk,Stroller,Jogger,Dog,Backpack,,
,1899-12-30 12:00,Intersection Count,Totals,,,W,N,E,S,N-W,N-E,S-E,S-W,W,E,W-S,W-N,N-W,N-E,E-N,E-S,S-E,S-W,W,N,E,S,N-W,N-E,S-E,S-W,W,E,W-S,W-N,N-W,N-E,E-N,E-S,S-E,S-W,,,,,,,,,,,,
,Pedestrian,3,3,,Pedestrian,,,,,,,,,,,,,1,,,,,2,,,,,,,,,,,2,1,,,,,,,,,,,,,,,,,,
,Bike,,0,,Bike,,,,,,,,,,,,,,,,,,,,,,,,,,,,,,,,,,,,,,,,,,,,,,,,
,Scooter,,0,,Scooter,,,,,,,,,,,,,,,,,,,,,,,,,,,,,,,,,,,,,,,,,,,,,,,,
,Other,,0,,Other,,,,,,,,,,,,,,,,,,,,,,,,,,,,,,,,,,,,,,,,,,,,,,,,
,,15-min Interval Total,3,,,,,,,,,,,,,,,,,,,,,,,,,,,,,,,,,,,,,,,,,,,,,,,,,,
,,,,,,,,,,,,,,,,,,,,,,,,,,,,,,,,,,,,,,,,,,,,,,,,,,,,,
,,,,,,From,,,,,,,,,,,,,,,,,,To,,,,,,,,,,,,,,,,,,,,,,,,,,,,,
,,,,,,Road,,,,Bike Lane,,,,Bikeway,,Sidewalk,,,,,,,,Road,,,,Bike Lane,,,,Bikeway,,Sidewalk,,,,,,,,Car No Yield,Car Yield,Car in Bikeway,Student,Bike Passenger,Ped Out of Crosswalk,Stroller,Jogger,Dog,Backpack,,
,1899-12-30 12:15,Intersection Count,Totals,,,W,N,E,S,N-W,N-E,S-E,S-W,W,E,W-S,W-N,N-W,N-E,E-N,E-S,S-E,S-W,W,N,E,S,N-W,N-E,S-E,S-W,W,E,W-S,W-N,N-W,N-E,E-N,E-S,S-E,S-W,,,,,,,,,,,,
,Pedestrian,,0,,Pedestrian,,,,,,,,,,,,,,,,,,,,,,,,,,,,,,,,,,,,,,,,,,,,,,,,
,Bike,3,3,,Bike,,,,,,,1,,,2,,,,,,,,,,,,,,1,,,1,,,,,,,,,1,,1,,,,,,,,1,,
,Scooter,,0,,Scooter,,,,,,,,,,,,,,,,,,,,,,,,,,,,,,,,,,,,,,,,,,,,,,,,
,Other,,0,,Other,,,,,,,,,,,,,,,,,,,,,,,,,,,,,,,,,,,,,,,,,,,,,,,,
,,15-min Interval Total,3,,,,,,,,,,,,,,,,,,,,,,,,,,,,,,,,,,,,,,,,,,,,,,,,,,
,,,,,,,,,,,,,,,,,,,,,,,,,,,,,,,,,,,,,,,,,,,,,,,,,,,,,
,,,,,,From,,,,,,,,,,,,,,,,,,To,,,,,,,,,,,,,,,,,,,,,,,,,,,,,
,,,,,,Road,,,,Bike Lane,,,,Bikeway,,Sidewalk,,,,,,,,Road,,,,Bike Lane,,,,Bikeway,,Sidewalk,,,,,,,,Car No Yield,Car Yield,Car in Bikeway,Student,Bike Passenger,Ped Out of Crosswalk,Stroller,Jogger,Dog,Backpack,,
,1899-12-30 12:30,Intersection Count,Totals,,,W,N,E,S,N-W,N-E,S-E,S-W,W,E,W-S,W-N,N-W,N-E,E-N,E-S,S-E,S-W,W,N,E,S,N-W,N-E,S-E,S-W,W,E,W-S,W-N,N-W,N-E,E-N,E-S,S-E,S-W,,,,,,,,,,,,
,Pedestrian,1,1,,Pedestrian,,,,,,,,,,,,1,,,,,,,,,,,,,,,,,,,1,,,,,,,,,,,,,,,,,
,Bike,,0,,Bike,,,,,,,,,,,,,,,,,,,,,,,,,,,,,,,,,,,,,,,,,,,,,,,,
,Scooter,,0,,Scooter,,,,,,,,,,,,,,,,,,,,,,,,,,,,,,,,,,,,,,,,,,,,,,,,
,Other,,0,,Other,,,,,,,,,,,,,,,,,,,,,,,,,,,,,,,,,,,,,,,,,,,,,,,,
,,15-min Interval Total,1,,,,,,,,,,,,,,,,,,,,,,,,,,,,,,,,,,,,,,,,,,,,,,,,,,
,,,,,,,,,,,,,,,,,,,,,,,,,,,,,,,,,,,,,,,,,,,,,,,,,,,,,
,,,,,,From,,,,,,,,,,,,,,,,,,To,,,,,,,,,,,,,,,,,,,,,,,,,,,,,
,,,,,,Road,,,,Bike Lane,,,,Bikeway,,Sidewalk,,,,,,,,Road,,,,Bike Lane,,,,Bikeway,,Sidewalk,,,,,,,,Car No Yield,Car Yield,Car in Bikeway,Student,Bike Passenger,Ped Out of Crosswalk,Stroller,Jogger,Dog,Backpack,,
,1899-12-30 12:45,Intersection Count,Totals,,,W,N,E,S,N-W,N-E,S-E,S-W,W,E,W-S,W-N,N-W,N-E,E-N,E-S,S-E,S-W,W,N,E,S,N-W,N-E,S-E,S-W,W,E,W-S,W-N,N-W,N-E,E-N,E-S,S-E,S-W,,,,,,,,,,,,
,Pedestrian,2,2,,Pedestrian,,,,,,,,,,1,,1,,,,,,,,,,,,,,,1,1,,,,,,,,,,1,,,,,,,,,,
,Bike,,0,,Bike,,,,,,,,,,,,,,,,,,,,,,,,,,,,,,,,,,,,,,,,,,,,,,,,
,Scooter,,0,,Scooter,,,,,,,,,,,,,,,,,,,,,,,,,,,,,,,,,,,,,,,,,,,,,,,,
,Other,,0,,Other,,,,,,,,,,,,,,,,,,,,,,,,,,,,,,,,,,,,,,,,,,,,,,,,
,,15-min Interval Total,2,,,,,,,,,,,,,,,,,,,,,,,,,,,,,,,,,,,,,,,,,,,,,,,,,,
,,,,,,,,,,,,,,,,,,,,,,,,,,,,,,,,,,,,,,,,,,,,,,,,,,,,,
,,,,,,From,,,,,,,,,,,,,,,,,,To,,,,,,,,,,,,,,,,,,,,,,,,,,,,,
,,,,,,Road,,,,Bike Lane,,,,Bikeway,,Sidewalk,,,,,,,,Road,,,,Bike Lane,,,,Bikeway,,Sidewalk,,,,,,,,Car No Yield,Car Yield,Car in Bikeway,Student,Bike Passenger,Ped Out of Crosswalk,Stroller,Jogger,Dog,Backpack,,
,1899-12-30 13:00,Intersection Count,Totals,,,W,N,E,S,N-W,N-E,S-E,S-W,W,E,W-S,W-N,N-W,N-E,E-N,E-S,S-E,S-W,W,N,E,S,N-W,N-E,S-E,S-W,W,E,W-S,W-N,N-W,N-E,E-N,E-S,S-E,S-W,,,,,,,,,,,,
,Pedestrian,1,1,,Pedestrian,,,,,,,,,,1,,,,,,,,,,,,,,,,,1,,,,,,,,,,,1,,,,,,1,,,,
,Bike,,0,,Bike,,,,,,,,,,,,,,,,,,,,,,,,,,,,,,,,,,,,,,,,,,,,,,,,
,Scooter,,0,,Scooter,,,,,,,,,,,,,,,,,,,,,,,,,,,,,,,,,,,,,,,,,,,,,,,,
,Other,,0,,Other,,,,,,,,,,,,,,,,,,,,,,,,,,,,,,,,,,,,,,,,,,,,,,,,
,,15-min Interval Total,1,,,,,,,,,,,,,,,,,,,,,,,,,,,,,,,,,,,,,,,,,,,,,,,,,,
,,,,,,,,,,,,,,,,,,,,,,,,,,,,,,,,,,,,,,,,,,,,,,,,,,,,,
,,,,,,From,,,,,,,,,,,,,,,,,,To,,,,,,,,,,,,,,,,,,,,,,,,,,,,,
,,,,,,Road,,,,Bike Lane,,,,Bikeway,,Sidewalk,,,,,,,,Road,,,,Bike Lane,,,,Bikeway,,Sidewalk,,,,,,,,Car No Yield,Car Yield,Car in Bikeway,Student,Bike Passenger,Ped Out of Crosswalk,Stroller,Jogger,Dog,Backpack,,
,1899-12-30 13:15,Intersection Count,Totals,,,W,N,E,S,N-W,N-E,S-E,S-W,W,E,W-S,W-N,N-W,N-E,E-N,E-S,S-E,S-W,W,N,E,S,N-W,N-E,S-E,S-W,W,E,W-S,W-N,N-W,N-E,E-N,E-S,S-E,S-W,,,,,,,,,,,,
,Pedestrian,2,2,,Pedestrian,,,,,,,,,2,,,,,,,,,,,,,,,,,,,2,,,,,,,,,,1,,,,,,1,,,,
,Bike,,0,,Bike,,,,,,,,,,,,,,,,,,,,,,,,,,,,,,,,,,,,,,,,,,,,,,,,
,Scooter,,0,,Scooter,,,,,,,,,,,,,,,,,,,,,,,,,,,,,,,,,,,,,,,,,,,,,,,,
,Other,,0,,Other,,,,,,,,,,,,,,,,,,,,,,,,,,,,,,,,,,,,,,,,,,,,,,,,
,,15-min Interval Total,2,,,,,,,,,,,,,,,,,,,,,,,,,,,,,,,,,,,,,,,,,,,,,,,,,,
,,,,,,,,,,,,,,,,,,,,,,,,,,,,,,,,,,,,,,,,,,,,,,,,,,,,,
,,,,,,From,,,,,,,,,,,,,,,,,,To,,,,,,,,,,,,,,,,,,,,,,,,,,,,,
,,,,,,Road,,,,Bike Lane,,,,Bikeway,,Sidewalk,,,,,,,,Road,,,,Bike Lane,,,,Bikeway,,Sidewalk,,,,,,,,Car No Yield,Car Yield,Car in Bikeway,Student,Bike Passenger,Ped Out of Crosswalk,Stroller,Jogger,Dog,Backpack,,
,1899-12-30 13:30,Intersection Count,Totals,,,W,N,E,S,N-W,N-E,S-E,S-W,W,E,W-S,W-N,N-W,N-E,E-N,E-S,S-E,S-W,W,N,E,S,N-W,N-E,S-E,S-W,W,E,W-S,W-N,N-W,N-E,E-N,E-S,S-E,S-W,,,,,,,,,,,,
,Pedestrian,,0,,Pedestrian,,,,,,,,,,,,,,,,,,,,,,,,,,,,,,,,,,,,,,,,,,,,,,,,
,Bike,,0,,Bike,,,,,,,,,,,,,,,,,,,,,,,,,,,,,,,,,,,,,,,,,,,,,,,,
,Scooter,,0,,Scooter,,,,,,,,,,,,,,,,,,,,,,,,,,,,,,,,,,,,,,,,,,,,,,,,
,Other,,0,,Other,,,,,,,,,,,,,,,,,,,,,,,,,,,,,,,,,,,,,,,,,,,,,,,,
,,15-min Interval Total,0,,,,,,,,,,,,,,,,,,,,,,,,,,,,,,,,,,,,,,,,,,,,,,,,,,
,,,,,,,,,,,,,,,,,,,,,,,,,,,,,,,,,,,,,,,,,,,,,,,,,,,,,
,,,,,,From,,,,,,,,,,,,,,,,,,To,,,,,,,,,,,,,,,,,,,,,,,,,,,,,
,,,,,,Road,,,,Bike Lane,,,,Bikeway,,Sidewalk,,,,,,,,Road,,,,Bike Lane,,,,Bikeway,,Sidewalk,,,,,,,,Car No Yield,Car Yield,Car in Bikeway,Student,Bike Passenger,Ped Out of Crosswalk,Stroller,Jogger,Dog,Backpack,,
,1899-12-30 13:45,Intersection Count,Totals,,,W,N,E,S,N-W,N-E,S-E,S-W,W,E,W-S,W-N,N-W,N-E,E-N,E-S,S-E,S-W,W,N,E,S,N-W,N-E,S-E,S-W,W,E,W-S,W-N,N-W,N-E,E-N,E-S,S-E,S-W,,,,,,,,,,,,
,Pedestrian,1,1,,Pedestrian,,,,,,,,,,,,,,,,1,,,,,,,,,,,,,1,,,,,,,,,,,,,,,,,,,
,Bike,,0,,Bike,,,,,,,,,,,,,,,,,,,,,,,,,,,,,,,,,,,,,,,,,,,,,,,,
,Scooter,,0,,Scooter,,,,,,,,,,,,,,,,,,,,,,,,,,,,,,,,,,,,,,,,,,,,,,,,
,Other,,0,,Other,,,,,,,,,,,,,,,,,,,,,,,,,,,,,,,,,,,,,,,,,,,,,,,,
,,15-min Interval Total,1,,,,,,,,,,,,,,,,,,,,,,,,,,,,,,,,,,,,,,,,,,,,,,,,,,
,,,,,,,,,,,,,,,,,,,,,,,,,,,,,,,,,,,,,,,,,,,,,,,,,,,,,
,,,,,,From,,,,,,,,,,,,,,,,,,To,,,,,,,,,,,,,,,,,,,,,,,,,,,,,
,,,,,,Road,,,,Bike Lane,,,,Bikeway,,Sidewalk,,,,,,,,Road,,,,Bike Lane,,,,Bikeway,,Sidewalk,,,,,,,,Car No Yield,Car Yield,Car in Bikeway,Student,Bike Passenger,Ped Out of Crosswalk,Stroller,Jogger,Dog,Backpack,,
,1899-12-30 14:00,Intersection Count,Totals,,,W,N,E,S,N-W,N-E,S-E,S-W,W,E,W-S,W-N,N-W,N-E,E-N,E-S,S-E,S-W,W,N,E,S,N-W,N-E,S-E,S-W,W,E,W-S,W-N,N-W,N-E,E-N,E-S,S-E,S-W,,,,,,,,,,,,
,Pedestrian,,0,,Pedestrian,,,,,,,,,,,,,,,,,,,,,,,,,,,,,,,,,,,,,,,,,,,,,,,,
,Bike,2,2,,Bike,,,,,1,,,,,,,,,,,,,1,,,,,,1,,1,,,,,,,,,,,,,,,,,,,,,,
,Scooter,,0,,Scooter,,,,,,,,,,,,,,,,,,,,,,,,,,,,,,,,,,,,,,,,,,,,,,,,
,Other,,0,,Other,,,,,,,,,,,,,,,,,,,,,,,,,,,,,,,,,,,,,,,,,,,,,,,,
,,15-min Interval Total,2,,,,,,,,,,,,,,,,,,,,,,,,,,,,,,,,,,,,,,,,,,,,,,,,,,
,,,,,,,,,,,,,,,,,,,,,,,,,,,,,,,,,,,,,,,,,,,,,,,,,,,,,
,,,,,,From,,,,,,,,,,,,,,,,,,To,,,,,,,,,,,,,,,,,,,,,,,,,,,,,
,,,,,,Road,,,,Bike Lane,,,,Bikeway,,Sidewalk,,,,,,,,Road,,,,Bike Lane,,,,Bikeway,,Sidewalk,,,,,,,,Car No Yield,Car Yield,Car in Bikeway,Student,Bike Passenger,Ped Out of Crosswalk,Stroller,Jogger,Dog,Backpack,,
,1899-12-30 14:15,Intersection Count,Totals,,,W,N,E,S,N-W,N-E,S-E,S-W,W,E,W-S,W-N,N-W,N-E,E-N,E-S,S-E,S-W,W,N,E,S,N-W,N-E,S-E,S-W,W,E,W-S,W-N,N-W,N-E,E-N,E-S,S-E,S-W,,,,,,,,,,,,
,Pedestrian,1,1,,Pedestrian,,,,,,,,,,,1,,,,,,,,,,,,,,,,,,,,,1,,,,,,1,,,,,,,,,,
,Bike,,0,,Bike,,,,,,,,,,,,,,,,,,,,,,,,,,,,,,,,,,,,,,,,,,,,,,,,
,Scooter,,0,,Scooter,,,,,,,,,,,,,,,,,,,,,,,,,,,,,,,,,,,,,,,,,,,,,,,,
,Other,,0,,Other,,,,,,,,,,,,,,,,,,,,,,,,,,,,,,,,,,,,,,,,,,,,,,,,
,,15-min Interval Total,1,,,,,,,,,,,,,,,,,,,,,,,,,,,,,,,,,,,,,,,,,,,,,,,,,,
,,,,,,,,,,,,,,,,,,,,,,,,,,,,,,,,,,,,,,,,,,,,,,,,,,,,,
,,,,,,From,,,,,,,,,,,,,,,,,,To,,,,,,,,,,,,,,,,,,,,,,,,,,,,,
,,,,,,Road,,,,Bike Lane,,,,Bikeway,,Sidewalk,,,,,,,,Road,,,,Bike Lane,,,,Bikeway,,Sidewalk,,,,,,,,Car No Yield,Car Yield,Car in Bikeway,Student,Bike Passenger,Ped Out of Crosswalk,Stroller,Jogger,Dog,Backpack,,
,1899-12-30 14:30,Intersection Count,Totals,,,W,N,E,S,N-W,N-E,S-E,S-W,W,E,W-S,W-N,N-W,N-E,E-N,E-S,S-E,S-W,W,N,E,S,N-W,N-E,S-E,S-W,W,E,W-S,W-N,N-W,N-E,E-N,E-S,S-E,S-W,,,,,,,,,,,,
,Pedestrian,,0,,Pedestrian,,,,,,,,,,,,,,,,,,,,,,,,,,,,,,,,,,,,,,,,,,,,,,,,
,Bike,,0,,Bike,,,,,,,,,,,,,,,,,,,,,,,,,,,,,,,,,,,,,,,,,,,,,,,,
,Scooter,,0,,Scooter,,,,,,,,,,,,,,,,,,,,,,,,,,,,,,,,,,,,,,,,,,,,,,,,
,Other,,0,,Other,,,,,,,,,,,,,,,,,,,,,,,,,,,,,,,,,,,,,,,,,,,,,,,,
,,15-min Interval Total,0,,,,,,,,,,,,,,,,,,,,,,,,,,,,,,,,,,,,,,,,,,,,,,,,,,
,,,,,,,,,,,,,,,,,,,,,,,,,,,,,,,,,,,,,,,,,,,,,,,,,,,,,
,,,,,,From,,,,,,,,,,,,,,,,,,To,,,,,,,,,,,,,,,,,,,,,,,,,,,,,
,,,,,,Road,,,,Bike Lane,,,,Bikeway,,Sidewalk,,,,,,,,Road,,,,Bike Lane,,,,Bikeway,,Sidewalk,,,,,,,,Car No Yield,Car Yield,Car in Bikeway,Student,Bike Passenger,Ped Out of Crosswalk,Stroller,Jogger,Dog,Backpack,,
,1899-12-30 14:45,Intersection Count,Totals,,,W,N,E,S,N-W,N-E,S-E,S-W,W,E,W-S,W-N,N-W,N-E,E-N,E-S,S-E,S-W,W,N,E,S,N-W,N-E,S-E,S-W,W,E,W-S,W-N,N-W,N-E,E-N,E-S,S-E,S-W,,,,,,,,,,,,
,Pedestrian,6,6,,Pedestrian,,,,,,,,,,,4,2,,,,,,,,,,,,,,,,,,,2,,,2,2,,1,,,,,,,,,,,
,Bike,,0,,Bike,,,,,,,,,,,,,,,,,,,,,,,,,,,,,,,,,,,,,,,,,,,,,,,,
,Scooter,,0,,Scooter,,,,,,,,,,,,,,,,,,,,,,,,,,,,,,,,,,,,,,,,,,,,,,,,
,Other,,0,,Other,,,,,,,,,,,,,,,,,,,,,,,,,,,,,,,,,,,,,,,,,,,,,,,,
,,15-min Interval Total,6,,,,,,,,,,,,,,,,,,,,,,,,,,,,,,,,,,,,,,,,,,,,,,,,,,
,,,,,,,,,,,,,,,,,,,,,,,,,,,,,,,,,,,,,,,,,,,,,,,,,,,,,
,,,,,,From,,,,,,,,,,,,,,,,,,To,,,,,,,,,,,,,,,,,,,,,,,,,,,,,
,,,,,,Road,,,,Bike Lane,,,,Bikeway,,Sidewalk,,,,,,,,Road,,,,Bike Lane,,,,Bikeway,,Sidewalk,,,,,,,,Car No Yield,Car Yield,Car in Bikeway,Student,Bike Passenger,Ped Out of Crosswalk,Stroller,Jogger,Dog,Backpack,,
,1899-12-30 15:00,Intersection Count,Totals,,,W,N,E,S,N-W,N-E,S-E,S-W,W,E,W-S,W-N,N-W,N-E,E-N,E-S,S-E,S-W,W,N,E,S,N-W,N-E,S-E,S-W,W,E,W-S,W-N,N-W,N-E,E-N,E-S,S-E,S-W,,,,,,,,,,,,
,Pedestrian,3,3,,Pedestrian,,,,,,,,,,,1,,,,2,,,,,,,,,,,,,,,,,,,,,3,,1,,,,,,,,,,
,Bike,8,8,,Bike,,,,,,,,,2,3,,2,1,,,,,,,,,,,,,,3,4,,,,,1,,,,,1,,,,,,,,5,,
,Scooter,,0,,Scooter,,,,,,,,,,,,,,,,,,,,,,,,,,,,,,,,,,,,,,,,,,,,,,,,
,Other,,0,,Other,,,,,,,,,,,,,,,,,,,,,,,,,,,,,,,,,,,,,,,,,,,,,,,,
,,15-min Interval Total,11,,,,,,,,,,,,,,,,,,,,,,,,,,,,,,,,,,,,,,,,,,,,,,,,,,
,,,,,,,,,,,,,,,,,,,,,,,,,,,,,,,,,,,,,,,,,,,,,,,,,,,,,
,,,,,,From,,,,,,,,,,,,,,,,,,To,,,,,,,,,,,,,,,,,,,,,,,,,,,,,
,,,,,,Road,,,,Bike Lane,,,,Bikeway,,Sidewalk,,,,,,,,Road,,,,Bike Lane,,,,Bikeway,,Sidewalk,,,,,,,,Car No Yield,Car Yield,Car in Bikeway,Student,Bike Passenger,Ped Out of Crosswalk,Stroller,Jogger,Dog,Backpack,,
,1899-12-30 15:15,Intersection Count,Totals,,,W,N,E,S,N-W,N-E,S-E,S-W,W,E,W-S,W-N,N-W,N-E,E-N,E-S,S-E,S-W,W,N,E,S,N-W,N-E,S-E,S-W,W,E,W-S,W-N,N-W,N-E,E-N,E-S,S-E,S-W,,,,,,,,,,,,
,Pedestrian,16,16,,Pedestrian,,,,,,,,,,,,,7,3,4,2,,,,,,,,,,,,,,,,,,,2,14,,5,,,,,3,,,,Car sneaks through when crossing guard starts walking out @15:28:33,
,Bike,10,10,,Bike,,,,,,,,,3,2,,,2,1,1,1,,,,,,,,,,,,3,,,,,,,1,6,3,3,,,,,,,,,Cars parked in bike lanes on SW leg @15:28:00,
,Scooter,3,3,,Scooter,,,,,,,,,,2,,,,,,1,,,,,,,,,,,,,,,,,,,1,2,,3,,,,,,,,,,
,Other,,0,,Other,,,,,,,,,,,,,,,,,,,,,,,,,,,,,,,,,,,,,,,,,,,,,,,,
,,15-min Interval Total,29,,,,,,,,,,,,,,,,,,,,,,,,,,,,,,,,,,,,,,,,,,,,,,,,,,
,,,,,,,,,,,,,,,,,,,,,,,,,,,,,,,,,,,,,,,,,,,,,,,,,,,,,
,,,,,,From,,,,,,,,,,,,,,,,,,To,,,,,,,,,,,,,,,,,,,,,,,,,,,,,
,,,,,,Road,,,,Bike Lane,,,,Bikeway,,Sidewalk,,,,,,,,Road,,,,Bike Lane,,,,Bikeway,,Sidewalk,,,,,,,,Car No Yield,Car Yield,Car in Bikeway,Student,Bike Passenger,Ped Out of Crosswalk,Stroller,Jogger,Dog,Backpack,Bike No Stop,
,1899-12-30 15:30,Intersection Count,Totals,,,W,N,E,S,N-W,N-E,S-E,S-W,W,E,W-S,W-N,N-W,N-E,E-N,E-S,S-E,S-W,W,N,E,S,N-W,N-E,S-E,S-W,W,E,W-S,W-N,N-W,N-E,E-N,E-S,S-E,S-W,,,,,,,,,,,,
,Pedestrian,101,101,,Pedestrian,,,,,1,,,,,,2,,4,4,,1,13,76,,,,,,,,,,,,21,27,33,8,4,,8,,,,66,,,6,,,25,,
,Bike,85,85,,Bike,,,,,,,,,2,,,,1,,,,6,76,,,,,3,,,,2,20,,2,31,15,6,5,,1,,,,75,,,,,,33,1,
,Scooter,39,39,,Scooter,,,,,,,,,,,,,1,,,,4,34,,,,,,,,,,6,,5,8,5,11,4,,,,,,31,,,,,,13,,
,Other - skateboard,1,1,,Other,,,,,,,,,,,,,,,,,,1,,,,,1,,,,,,,,,,,,,,,,,1,,,,,,1,,
,,15-min Interval Total,226,,,,,,,,,,,,,,,,,,,,,,,,,,,,,,,,,,,,,,,,,,,,,,,,,,
,,,,,,,,,,,,,,,,,,,,,,,,,,,,,,,,,,,,,,,,,,,,,,,,,,,,,
,,,,,,From,,,,,,,,,,,,,,,,,,To,,,,,,,,,,,,,,,,,,,,,,,,,,,,,
,,,,,,Road,,,,Bike Lane,,,,Bikeway,,Sidewalk,,,,,,,,Road,,,,Bike Lane,,,,Bikeway,,Sidewalk,,,,,,,,Car No Yield,Car Yield,Car in Bikeway,Student,Bike Passenger,Ped Out of Crosswalk,Stroller,Jogger,Dog,Backpack,,
,1899-12-30 15:45,Intersection Count,Totals,,,W,N,E,S,N-W,N-E,S-E,S-W,W,E,W-S,W-N,N-W,N-E,E-N,E-S,S-E,S-W,W,N,E,S,N-W,N-E,S-E,S-W,W,E,W-S,W-N,N-W,N-E,E-N,E-S,S-E,S-W,,,,,,,,,,,,
,Pedestrian,2,2,,Pedestrian,,,,,,,,,,,,,,,,,,2,,,,,,,,,,,,,2,,,,,,,,,2,,,,,,,,
,Bike,5,5,,Bike,,,,,,,2,,,,,,,,,,2,1,,,,,,,,,,2,,,1,,,2,,,,2,,5,,,,,,,,
,Scooter,,0,,Scooter,,,,,,,,,,,,,,,,,,,,,,,,,,,,,,,,,,,,,,,,,,,,,,,,
,Other,,0,,Other,,,,,,,,,,,,,,,,,,,,,,,,,,,,,,,,,,,,,,,,,,,,,,,,
,,15-min Interval Total,7,,,,,,,,,,,,,,,,,,,,,,,,,,,,,,,,,,,,,,,,,,,,,,,,,,
,,,,,,,,,,,,,,,,,,,,,,,,,,,,,,,,,,,,,,,,,,,,,,,,,,,,,
,,,,,,From,,,,,,,,,,,,,,,,,,To,,,,,,,,,,,,,,,,,,,,,,,,,,,,,
,,,,,,Road,,,,Bike Lane,,,,Bikeway,,Sidewalk,,,,,,,,Road,,,,Bike Lane,,,,Bikeway,,Sidewalk,,,,,,,,Car No Yield,Car Yield,Car in Bikeway,Student,Bike Passenger,Ped Out of Crosswalk,Stroller,Jogger,Dog,Backpack,,
,1899-12-30 16:00,Intersection Count,Totals,,,W,N,E,S,N-W,N-E,S-E,S-W,W,E,W-S,W-N,N-W,N-E,E-N,E-S,S-E,S-W,W,N,E,S,N-W,N-E,S-E,S-W,W,E,W-S,W-N,N-W,N-E,E-N,E-S,S-E,S-W,,,,,,,,,,,,
,Pedestrian,,0,,Pedestrian,,,,,,,,,,,,,,,,,,,,,,,,,,,,,,,,,,,,,,,,,,,,,,,,
,Bike,,0,,Bike,,,,,,,,,,,,,,,,,,,,,,,,,,,,,,,,,,,,,,,,,,,,,,,,
,Scooter,,0,,Scooter,,,,,,,,,,,,,,,,,,,,,,,,,,,,,,,,,,,,,,,,,,,,,,,,
,Other - Surron,,0,,Other,,,,,,,,,,,,,,,,,,,,,,,,,,,,,,,,,,,,,,,,,,,,,,,,
,,15-min Interval Total,0,,,,,,,,,,,,,,,,,,,,,,,,,,,,,,,,,,,,,,,,,,,,,,,,,,
,,,,,,,,,,,,,,,,,,,,,,,,,,,,,,,,,,,,,,,,,,,,,,,,,,,,,
,,,,,,From,,,,,,,,,,,,,,,,,,To,,,,,,,,,,,,,,,,,,,,,,,,,,,,,
,,,,,,Road,,,,Bike Lane,,,,Bikeway,,Sidewalk,,,,,,,,Road,,,,Bike Lane,,,,Bikeway,,Sidewalk,,,,,,,,Car No Yield,Car Yield,Car in Bikeway,Student,Bike Passenger,Ped Out of Crosswalk,Stroller,Jogger,Dog,Backpack,,
,1899-12-30 16:15,Intersection Count,Totals,,,W,N,E,S,N-W,N-E,S-E,S-W,W,E,W-S,W-N,N-W,N-E,E-N,E-S,S-E,S-W,W,N,E,S,N-W,N-E,S-E,S-W,W,E,W-S,W-N,N-W,N-E,E-N,E-S,S-E,S-W,,,,,,,,,,,,
,Pedestrian,1,1,,Pedestrian,,,,,,,,,,,,,,,1,,,,,,,,,,,,,,1,,,,,,,,,,,,,1,,1,,,,
,Bike,,0,,Bike,,,,,,,,,,,,,,,,,,,,,,,,,,,,,,,,,,,,,,,,,,,,,,,,
,Scooter,3,3,,Scooter,,,,,,,,,,,1,,,,,1,,1,,,,,,,,,,,1,,,,1,1,,,,,,,,,,,,,,
,Other,,0,,Other,,,,,,,,,,,,,,,,,,,,,,,,,,,,,,,,,,,,,,,,,,,,,,,,
,,15-min Interval Total,4,,,,,,,,,,,,,,,,,,,,,,,,,,,,,,,,,,,,,,,,,,,,,,,,,,
,,,,,,,,,,,,,,,,,,,,,,,,,,,,,,,,,,,,,,,,,,,,,,,,,,,,,
,,,,,,From,,,,,,,,,,,,,,,,,,To,,,,,,,,,,,,,,,,,,,,,,,,,,,,,
,,,,,,Road,,,,Bike Lane,,,,Bikeway,,Sidewalk,,,,,,,,Road,,,,Bike Lane,,,,Bikeway,,Sidewalk,,,,,,,,Car No Yield,Car Yield,Car in Bikeway,Student,Bike Passenger,Ped Out of Crosswalk,Stroller,Jogger,Dog,Backpack,Bike No Stop,
,1899-12-30 16:30,Intersection Count,Totals,,,W,N,E,S,N-W,N-E,S-E,S-W,W,E,W-S,W-N,N-W,N-E,E-N,E-S,S-E,S-W,W,N,E,S,N-W,N-E,S-E,S-W,W,E,W-S,W-N,N-W,N-E,E-N,E-S,S-E,S-W,,,,,,,,,,,,
,Pedestrian,5,5,,Pedestrian,,,,,,,,,,,2,2,,,,1,,,,,,,,,,,,,,,3,,,1,1,,1,,,,,,,1,,1,,
,Bike,4,4,,Bike,1,,,,,,,,1,2,,,,,,,,,,,1,,,,,,2,1,,,,,,,,,,2,,,,,,,,,1,
,Scooter,1,1,,Scooter,,,,,,,,,1,,,,,,,,,,,,,,,,,,,1,,,,,,,,,,,,,,,,,,,,
,Other,,0,,Other,,,,,,,,,,,,,,,,,,,,,,,,,,,,,,,,,,,,,,,,,,,,,,,,
,,15-min Interval Total,10,,,,,,,,,,,,,,,,,,,,,,,,,,,,,,,,,,,,,,,,,,,,,,,,,,
,,,,,,,,,,,,,,,,,,,,,,,,,,,,,,,,,,,,,,,,,,,,,,,,,,,,,
,,,,,,From,,,,,,,,,,,,,,,,,,To,,,,,,,,,,,,,,,,,,,,,,,,,,,,,
,,,,,,Road,,,,Bike Lane,,,,Bikeway,,Sidewalk,,,,,,,,Road,,,,Bike Lane,,,,Bikeway,,Sidewalk,,,,,,,,Car No Yield,Car Yield,Car in Bikeway,Student,Bike Passenger,Ped Out of Crosswalk,Stroller,Jogger,Dog,Backpack,,
,1899-12-30 16:45,Intersection Count,Totals,,,W,N,E,S,N-W,N-E,S-E,S-W,W,E,W-S,W-N,N-W,N-E,E-N,E-S,S-E,S-W,W,N,E,S,N-W,N-E,S-E,S-W,W,E,W-S,W-N,N-W,N-E,E-N,E-S,S-E,S-W,,,,,,,,,,,,
,Pedestrian,,0,,Pedestrian,,,,,,,,,,,,,,,,,,,,,,,,,,,,,,,,,,,,,,,,,,,,,,,,
,Bike,,0,,Bike,,,,,,,,,,,,,,,,,,,,,,,,,,,,,,,,,,,,,,,,,,,,,,,,
,Scooter,1,1,,Scooter,,,,,1,,,,,,,,,,,,,,,,,,,,,1,,,,,,,,,,,,,,,,,,,,,,
,Other,,0,,Other,,,,,,,,,,,,,,,,,,,,,,,,,,,,,,,,,,,,,,,,,,,,,,,,
,,15-min Interval Total,1,,,,,,,,,,,,,,,,,,,,,,,,,,,,,,,,,,,,,,,,,,,,,,,,,,
,,,,,,,,,,,,,,,,,,,,,,,,,,,,,,,,,,,,,,,,,,,,,,,,,,,,,
,,,,,,From,,,,,,,,,,,,,,,,,,To,,,,,,,,,,,,,,,,,,,,,,,,,,,,,
,,,,,,Road,,,,Bike Lane,,,,Bikeway,,Sidewalk,,,,,,,,Road,,,,Bike Lane,,,,Bikeway,,Sidewalk,,,,,,,,Car No Yield,Car Yield,Car in Bikeway,Student,Bike Passenger,Ped Out of Crosswalk,Stroller,Jogger,Dog,Backpack,,
,1899-12-30 17:00,Intersection Count,Totals,,,W,N,E,S,N-W,N-E,S-E,S-W,W,E,W-S,W-N,N-W,N-E,E-N,E-S,S-E,S-W,W,N,E,S,N-W,N-E,S-E,S-W,W,E,W-S,W-N,N-W,N-E,E-N,E-S,S-E,S-W,,,,,,,,,,,,
,Pedestrian,5,5,,Pedestrian,,,,,,,,,,,,,,,1,2,2,,,,,,,,,,,,,,,1,,2,2,,,,,,,,,1,2,,,
,Bike,,0,,Bike,,,,,,,,,,,,,,,,,,,,,,,,,,,,,,,,,,,,,,,,,,,,,,,,
,Scooter,,0,,Scooter,,,,,,,,,,,,,,,,,,,,,,,,,,,,,,,,,,,,,,,,,,,,,,,,
,Other,,0,,Other,,,,,,,,,,,,,,,,,,,,,,,,,,,,,,,,,,,,,,,,,,,,,,,,
,,15-min Interval Total,5,,,,,,,,,,,,,,,,,,,,,,,,,,,,,,,,,,,,,,,,,,,,,,,,,,
,,,,,,,,,,,,,,,,,,,,,,,,,,,,,,,,,,,,,,,,,,,,,,,,,,,,,
,,,,,,From,,,,,,,,,,,,,,,,,,To,,,,,,,,,,,,,,,,,,,,,,,,,,,,,
,,,,,,Road,,,,Bike Lane,,,,Bikeway,,Sidewalk,,,,,,,,Road,,,,Bike Lane,,,,Bikeway,,Sidewalk,,,,,,,,Car No Yield,Car Yield,Car in Bikeway,Student,Bike Passenger,Ped Out of Crosswalk,Stroller,Jogger,Dog,Backpack,,
,1899-12-30 17:15,Intersection Count,Totals,,,W,N,E,S,N-W,N-E,S-E,S-W,W,E,W-S,W-N,N-W,N-E,E-N,E-S,S-E,S-W,W,N,E,S,N-W,N-E,S-E,S-W,W,E,W-S,W-N,N-W,N-E,E-N,E-S,S-E,S-W,,,,,,,,,,,,
,Pedestrian,,0,,Pedestrian,,,,,,,,,,,,,,,,,,,,,,,,,,,,,,,,,,,,,,,,,,,,,,,,
,Bike,2,2,,Bike,,,,,,,,,,2,,,,,,,,,,,,,,,,,2,,,,,,,,,,,,,,,,,,,,,
,Scooter,,0,,Scooter,,,,,,,,,,,,,,,,,,,,,,,,,,,,,,,,,,,,,,,,,,,,,,,,
,Other,,0,,Other,,,,,,,,,,,,,,,,,,,,,,,,,,,,,,,,,,,,,,,,,,,,,,,,
,,15-min Interval Total,2,,,,,,,,,,,,,,,,,,,,,,,,,,,,,,,,,,,,,,,,,,,,,,,,,,
,,,,,,,,,,,,,,,,,,,,,,,,,,,,,,,,,,,,,,,,,,,,,,,,,,,,,
,,,,,,From,,,,,,,,,,,,,,,,,,To,,,,,,,,,,,,,,,,,,,,,,,,,,,,,
,,,,,,Road,,,,Bike Lane,,,,Bikeway,,Sidewalk,,,,,,,,Road,,,,Bike Lane,,,,Bikeway,,Sidewalk,,,,,,,,Car No Yield,Car Yield,Car in Bikeway,Student,Bike Passenger,Ped Out of Crosswalk,Stroller,Jogger,Dog,Backpack,,
,1899-12-30 17:30,Intersection Count,Totals,,,W,N,E,S,N-W,N-E,S-E,S-W,W,E,W-S,W-N,N-W,N-E,E-N,E-S,S-E,S-W,W,N,E,S,N-W,N-E,S-E,S-W,W,E,W-S,W-N,N-W,N-E,E-N,E-S,S-E,S-W,,,,,,,,,,,,
,Pedestrian,,0,,Pedestrian,,,,,,,,,,,,,,,,,,,,,,,,,,,,,,,,,,,,,,,,,,,,,,,,
,Bike,1,1,,Bike,,,,,,,,,,,,,,,,1,,,,,,,,,,,,,,1,,,,,,,,,,,,,,,,,,
,Scooter,1,1,,Scooter,,,,,,,,,,,,,,,,1,,,,,,,,,,,1,,,,,,,,,,,,,,,,,,,,,
,Other,,0,,Other,,,,,,,,,,,,,,,,,,,,,,,,,,,,,,,,,,,,,,,,,,,,,,,,
,,15-min Interval Total,2,,,,,,,,,,,,,,,,,,,,,,,,,,,,,,,,,,,,,,,,,,,,,,,,,,
,,,,,,,,,,,,,,,,,,,,,,,,,,,,,,,,,,,,,,,,,,,,,,,,,,,,,
,,,,,,From,,,,,,,,,,,,,,,,,,To,,,,,,,,,,,,,,,,,,,,,,,,,,,,,
,,,,,,Road,,,,Bike Lane,,,,Bikeway,,Sidewalk,,,,,,,,Road,,,,Bike Lane,,,,Bikeway,,Sidewalk,,,,,,,,Car No Yield,Car Yield,Car in Bikeway,Student,Bike Passenger,Ped Out of Crosswalk,Stroller,Jogger,Dog,Backpack,,
,1899-12-30 17:45,Intersection Count,Totals,,,W,N,E,S,N-W,N-E,S-E,S-W,W,E,W-S,W-N,N-W,N-E,E-N,E-S,S-E,S-W,W,N,E,S,N-W,N-E,S-E,S-W,W,E,W-S,W-N,N-W,N-E,E-N,E-S,S-E,S-W,,,,,,,,,,,,
,Pedestrian,,0,,Pedestrian,,,,,,,,,,,,,,,,,,,,,,,,,,,,,,,,,,,,,,,,,,,,,,,,
,Bike,1,1,,Bike,,,,,,,,,,,,,1,,,,,,,,,,,,,,,,,,,,,,,1,,,,,,,,,,,,
,Scooter,,0,,Scooter,,,,,,,,,,,,,,,,,,,,,,,,,,,,,,,,,,,,,,,,,,,,,,,,
,Other,,0,,Other,,,,,,,,,,,,,,,,,,,,,,,,,,,,,,,,,,,,,,,,,,,,,,,,
,,15-min Interval Total,1,,,,,,,,,,,,,,,,,,,,,,,,,,,,,,,,,,,,,,,,,,,,,,,,,,
,,,,,,,,,,,,,,,,,,,,,,,,,,,,,,,,,,,,,,,,,,,,,,,,,,,,,
,,,,,,From,,,,,,,,,,,,,,,,,,To,,,,,,,,,,,,,,,,,,,,,,,,,,,,,
,,,,,,Road,,,,Bike Lane,,,,Bikeway,,Sidewalk,,,,,,,,Road,,,,Bike Lane,,,,Bikeway,,Sidewalk,,,,,,,,Car No Yield,Car Yield,Car in Bikeway,Student,Bike Passenger,Ped Out of Crosswalk,Stroller,Jogger,Dog,Backpack,Bike No Stop,
,1899-12-30 18:00,Intersection Count,Totals,,,W,N,E,S,N-W,N-E,S-E,S-W,W,E,W-S,W-N,N-W,N-E,E-N,E-S,S-E,S-W,W,N,E,S,N-W,N-E,S-E,S-W,W,E,W-S,W-N,N-W,N-E,E-N,E-S,S-E,S-W,,,,,,,,,,,,
,Pedestrian,,0,,Pedestrian,,,,,,,,,,,,,,,,,,,,,,,,,,,,,,,,,,,,,,,,,,,,,,,,
,Bike,1,1,,Bike,,,,,,,,,,1,,,,,,,,,,,,,,,,,1,,,,,,,,,,,1,,,,,,,,1,1,
,Scooter,,0,,Scooter,,,,,,,,,,,,,,,,,,,,,,,,,,,,,,,,,,,,,,,,,,,,,,,,
,Other,,0,,Other,,,,,,,,,,,,,,,,,,,,,,,,,,,,,,,,,,,,,,,,,,,,,,,,
,,15-min Interval Total,1,,,,,,,,,,,,,,,,,,,,,,,,,,,,,,,,,,,,,,,,,,,,,,,,,,
,,,,,,,,,,,,,,,,,,,,,,,,,,,,,,,,,,,,,,,,,,,,,,,,,,,,,
,,,,,,From,,,,,,,,,,,,,,,,,,To,,,,,,,,,,,,,,,,,,,,,,,,,,,,,
,,,,,,Road,,,,Bike Lane,,,,Bikeway,,Sidewalk,,,,,,,,Road,,,,Bike Lane,,,,Bikeway,,Sidewalk,,,,,,,,Car No Yield,Car Yield,Car in Bikeway,Student,Bike Passenger,Ped Out of Crosswalk,Stroller,Jogger,Dog,Backpack,,
,1899-12-30 18:15,Intersection Count,Totals,,,W,N,E,S,N-W,N-E,S-E,S-W,W,E,W-S,W-N,N-W,N-E,E-N,E-S,S-E,S-W,W,N,E,S,N-W,N-E,S-E,S-W,W,E,W-S,W-N,N-W,N-E,E-N,E-S,S-E,S-W,,,,,,,,,,,,
,Pedestrian,,0,,Pedestrian,,,,,,,,,,,,,,,,,,,,,,,,,,,,,,,,,,,,,,,,,,,,,,,,
,Bike,,0,,Bike,,,,,,,,,,,,,,,,,,,,,,,,,,,,,,,,,,,,,,,,,,,,,,,,
,Scooter,1,1,,Scooter,,,,,,,,,,,,,,,1,,,,,,,,,,,,,,,1,,,,,,,,1,,,,,,,,,,
,Other,,0,,Other,,,,,,,,,,,,,,,,,,,,,,,,,,,,,,,,,,,,,,,,,,,,,,,,
,,15-min Interval Total,1,,,,,,,,,,,,,,,,,,,,,,,,,,,,,,,,,,,,,,,,,,,,,,,,,,
,,,,,,,,,,,,,,,,,,,,,,,,,,,,,,,,,,,,,,,,,,,,,,,,,,,,,
,,,,,,From,,,,,,,,,,,,,,,,,,To,,,,,,,,,,,,,,,,,,,,,,,,,,,,,
,,,,,,Road,,,,Bike Lane,,,,Bikeway,,Sidewalk,,,,,,,,Road,,,,Bike Lane,,,,Bikeway,,Sidewalk,,,,,,,,Car No Yield,Car Yield,Car in Bikeway,Student,Bike Passenger,Ped Out of Crosswalk,Stroller,Jogger,Dog,Backpack,,
,1899-12-30 18:30,Intersection Count,Totals,,,W,N,E,S,N-W,N-E,S-E,S-W,W,E,W-S,W-N,N-W,N-E,E-N,E-S,S-E,S-W,W,N,E,S,N-W,N-E,S-E,S-W,W,E,W-S,W-N,N-W,N-E,E-N,E-S,S-E,S-W,,,,,,,,,,,,
,Pedestrian,,0,,Pedestrian,,,,,,,,,,,,,,,,,,,,,,,,,,,,,,,,,,,,,,,,,,,,,,,,
,Bike,2,2,,Bike,1,,,,,,,,1,,,,,,,,1,,,,,,,,,,,,,,,,1,1,,,,2,,,,,,,,,,
,Scooter,2,2,,Scooter,,,,,,,,,,,,1,,,,,,,,,,,,,,,,,,,1,,1,,,,,1,,,,1,,,,,,
,Other,,0,,Other,,,,,,,,,,,,,,,,,,,,,,,,,,,,,,,,,,,,,,,,,,,,,,,,
,,15-min Interval Total,4,,,,,,,,,,,,,,,,,,,,,,,,,,,,,,,,,,,,,,,,,,,,,,,,,,
,,,,,,,,,,,,,,,,,,,,,,,,,,,,,,,,,,,,,,,,,,,,,,,,,,,,,
,,,,,,From,,,,,,,,,,,,,,,,,,To,,,,,,,,,,,,,,,,,,,,,,,,,,,,,
,,,,,,Road,,,,Bike Lane,,,,Bikeway,,Sidewalk,,,,,,,,Road,,,,Bike Lane,,,,Bikeway,,Sidewalk,,,,,,,,Car No Yield,Car Yield,Car in Bikeway,Student,Bike Passenger,Ped Out of Crosswalk,Stroller,Jogger,Dog,Backpack,,
,1899-12-30 18:45,Intersection Count,Totals,,,W,N,E,S,N-W,N-E,S-E,S-W,W,E,W-S,W-N,N-W,N-E,E-N,E-S,S-E,S-W,W,N,E,S,N-W,N-E,S-E,S-W,W,E,W-S,W-N,N-W,N-E,E-N,E-S,S-E,S-W,,,,,,,,,,,,
,Pedestrian,,0,,Pedestrian,,,,,,,,,,,,,,,,,,,,,,,,,,,,,,,,,,,,,,,,,,,,,,,Child on the back of ebike w parent @18:50:16,
,Bike,2,2,,Bike,,,,,,,,,,,,,,1,,,,,,,,,,,,,,,,,,,,,1,,,,,,1,,,,,,,
,Scooter,,0,,Scooter,,,,,,,,,,,,,,,,,,,,,,,,,,,,,,,,,,,,,,,,,,,,,,,,
,Other,,0,,Other,,,,,,,,,,,,,,,,,,,,,,,,,,,,,,,,,,,,,,,,,,,,,,,,
,,15-min Interval Total,2,,,,,,,,,,,,,,,,,,,,,,,,,,,,,,,,,,,,,,,,,,,,,,,,,,
,,,,,,,,,,,,,,,,,,,,,,,,,,,,,,,,,,,,,,,,,,,,,,,,,,,,,
,,,,,,From,,,,,,,,,,,,,,,,,,To,,,,,,,,,,,,,,,,,,,,,,,,,,,,,
,,,,,,Road,,,,Bike Lane,,,,Bikeway,,Sidewalk,,,,,,,,Road,,,,Bike Lane,,,,Bikeway,,Sidewalk,,,,,,,,Car No Yield,Car Yield,Car in Bikeway,Student,Bike Passenger,Ped Out of Crosswalk,Stroller,Jogger,Dog,Backpack,,
,1899-12-30 19:00,Intersection Count,Totals,,,W,N,E,S,N-W,N-E,S-E,S-W,W,E,W-S,W-N,N-W,N-E,E-N,E-S,S-E,S-W,W,N,E,S,N-W,N-E,S-E,S-W,W,E,W-S,W-N,N-W,N-E,E-N,E-S,S-E,S-W,,,,,,,,,,,,
,Pedestrian,1,1,,Pedestrian,,,,,,,,,,,,1,,,,,,,,,,,,,,,,,,,,,1,,,,,2,,,,,,,,,,
,Bike,,0,,Bike,,,,,,,,,,,,,,,,,,,,,,,,,,,,,,,,,,,,,,,,,,,,,,,,
,Scooter,,0,,Scooter,,,,,,,,,,,,,,,,,,,,,,,,,,,,,,,,,,,,,,,,,,,,,,,,
,Other,,0,,Other,,,,,,,,,,,,,,,,,,,,,,,,,,,,,,,,,,,,,,,,,,,,,,,,
,,15-min Interval Total,1,,,,,,,,,,,,,,,,,,,,,,,,,,,,,,,,,,,,,,,,,,,,,,,,,,
,,,,,,,,,,,,,,,,,,,,,,,,,,,,,,,,,,,,,,,,,,,,,,,,,,,,,
,,,,,,From,,,,,,,,,,,,,,,,,,To,,,,,,,,,,,,,,,,,,,,,,,,,,,,,
,,,,,,Road,,,,Bike Lane,,,,Bikeway,,Sidewalk,,,,,,,,Road,,,,Bike Lane,,,,Bikeway,,Sidewalk,,,,,,,,Car No Yield,Car Yield,Car in Bikeway,Student,Bike Passenger,Ped Out of Crosswalk,Stroller,Jogger,Dog,Backpack,,
,1899-12-30 19:15,Intersection Count,Totals,,,W,N,E,S,N-W,N-E,S-E,S-W,W,E,W-S,W-N,N-W,N-E,E-N,E-S,S-E,S-W,W,N,E,S,N-W,N-E,S-E,S-W,W,E,W-S,W-N,N-W,N-E,E-N,E-S,S-E,S-W,,,,,,,,,,,,
,Pedestrian,7,7,,Pedestrian,,,,,,,,,,,,,,3,1,,3,,,,,,,,,,,,3,1,,,,3,,,1,1,,,,,2,,2,,,Recumbent bike @19:23:19
,Bike,1,1,,Bike,,,,,,,,,,1,,,,,,,,,,,,,,1,,,,,,,,,,,,,,,,,,,,,,,,
,Scooter,,0,,Scooter,,,,,,,,,,,,,,,,,,,,,,,,,,,,,,,,,,,,,,,,,,,,,,,,
,Other,,0,,Other,,,,,,,,,,,,,,,,,,,,,,,,,,,,,,,,,,,,,,,,,,,,,,,,
,,15-min Interval Total,8,,,,,,,,,,,,,,,,,,,,,,,,,,,,,,,,,,,,,,,,,,,,,,,,,,
,,,,,,,,,,,,,,,,,,,,,,,,,,,,,,,,,,,,,,,,,,,,,,,,,,,,,
,,,,,,From,,,,,,,,,,,,,,,,,,To,,,,,,,,,,,,,,,,,,,,,,,,,,,,,
,,,,,,Road,,,,Bike Lane,,,,Bikeway,,Sidewalk,,,,,,,,Road,,,,Bike Lane,,,,Bikeway,,Sidewalk,,,,,,,,Car No Yield,Car Yield,Car in Bikeway,Student,Bike Passenger,Ped Out of Crosswalk,Stroller,Jogger,Dog,Backpack,,
,1899-12-30 19:30,Intersection Count,Totals,,,W,N,E,S,N-W,N-E,S-E,S-W,W,E,W-S,W-N,N-W,N-E,E-N,E-S,S-E,S-W,W,N,E,S,N-W,N-E,S-E,S-W,W,E,W-S,W-N,N-W,N-E,E-N,E-S,S-E,S-W,,,,,,,,,,,,
,Pedestrian,5,5,,Pedestrian,,,,,,,,,,2,,2,,,1,,,,,,,,,,,,,,,1,2,,,,,2,1,2,,,,,1,,,,,"Bike with child in front stops, but car yields and let's them go, despite the car was stopped first @19:31:05"
,Bike,3,3,,Bike,,,,,,,,,,3,,,,,,,,,,,,,,,,,3,,,,,,,,,,,,,,1,,,,,,,
,Scooter,,0,,Scooter,,,,,,,,,,,,,,,,,,,,,,,,,,,,,,,,,,,,,,,,,,,,,,,,
,Other,,0,,Other,,,,,,,,,,,,,,,,,,,,,,,,,,,,,,,,,,,,,,,,,,,,,,,,
,,15-min Interval Total,8,,,,,,,,,,,,,,,,,,,,,,,,,,,,,,,,,,,,,,,,,,,,,,,,,,
,,,,,,,,,,,,,,,,,,,,,,,,,,,,,,,,,,,,,,,,,,,,,,,,,,,,,
,,,,,,From,,,,,,,,,,,,,,,,,,To,,,,,,,,,,,,,,,,,,,,,,,,,,,,,
,,,,,,Road,,,,Bike Lane,,,,Bikeway,,Sidewalk,,,,,,,,Road,,,,Bike Lane,,,,Bikeway,,Sidewalk,,,,,,,,Car No Yield,Car Yield,Car in Bikeway,Student,Bike Passenger,Ped Out of Crosswalk,Stroller,Jogger,Dog,Backpack,,
,1899-12-30 19:45,Intersection Count,Totals,,,W,N,E,S,N-W,N-E,S-E,S-W,W,E,W-S,W-N,N-W,N-E,E-N,E-S,S-E,S-W,W,N,E,S,N-W,N-E,S-E,S-W,W,E,W-S,W-N,N-W,N-E,E-N,E-S,S-E,S-W,,,,,,,,,,,,
,Pedestrian,2,2,,Pedestrian,,,,,,,,,,,,,1,1,,,,,,,,,,,,,,,1,,,,,,1,,,,,,,1,,,,,,Dog in the back of a bike @19:50:29
,Bike,2,2,,Bike,,,,,,,,,2,,,,,,,,,,,,,,,,,,,2,,,,,,,,,,,,,,,,,1,,,
,Scooter,,0,,Scooter,,,,,,,,,,,,,,,,,,,,,,,,,,,,,,,,,,,,,,,,,,,,,,,,
,Other,,0,,Other,,,,,,,,,,,,,,,,,,,,,,,,,,,,,,,,,,,,,,,,,,,,,,,,
,,15-min Interval Total,4,,,,,,,,,,,,,,,,,,,,,,,,,,,,,,,,,,,,,,,,,,,,,,,,,,
,,,,,,,,,,,,,,,,,,,,,,,,,,,,,,,,,,,,,,,,,,,,,,,,,,,,,
,,,,,,From,,,,,,,,,,,,,,,,,,To,,,,,,,,,,,,,,,,,,,,,,,,,,,,,
,,,,,,Road,,,,Bike Lane,,,,Bikeway,,Sidewalk,,,,,,,,Road,,,,Bike Lane,,,,Bikeway,,Sidewalk,,,,,,,,Car No Yield,Car Yield,Car in Bikeway,Student,Bike Passenger,Ped Out of Crosswalk,Stroller,Jogger,Dog,Backpack,,
,1899-12-30 20:00,Intersection Count,Totals,,,W,N,E,S,N-W,N-E,S-E,S-W,W,E,W-S,W-N,N-W,N-E,E-N,E-S,S-E,S-W,W,N,E,S,N-W,N-E,S-E,S-W,W,E,W-S,W-N,N-W,N-E,E-N,E-S,S-E,S-W,,,,,,,,,,,,
,Pedestrian,3,3,,Pedestrian,,,,,,,,,,2,,,,1,,,,,,,,,,,,,2,,,,,,1,,,,,,,,,,,2,,,,
,Bike,5,5,,Bike,,,,1,,,,,1,3,,,,,,,,,,1,,,,,,,3,1,,,,,,,,,,1,,,,,,,1,1,,
,Scooter,,0,,Scooter,,,,,,,,,,,,,,,,,,,,,,,,,,,,,,,,,,,,,,,,,,,,,,,,
,Other,,0,,Other,,,,,,,,,,,,,,,,,,,,,,,,,,,,,,,,,,,,,,,,,,,,,,,,
,,15-min Interval Total,8,,,,,,,,,,,,,,,,,,,,,,,,,,,,,,,,,,,,,,,,,,,,,,,,,,
,,,,,,,,,,,,,,,,,,,,,,,,,,,,,,,,,,,,,,,,,,,,,,,,,,,,,
,,,,,,From,,,,,,,,,,,,,,,,,,To,,,,,,,,,,,,,,,,,,,,,,,,,,,,,
,,,,,,Road,,,,Bike Lane,,,,Bikeway,,Sidewalk,,,,,,,,Road,,,,Bike Lane,,,,Bikeway,,Sidewalk,,,,,,,,Car No Yield,Car Yield,Car in Bikeway,Student,Bike Passenger,Ped Out of Crosswalk,Stroller,Jogger,Dog,Backpack,,
,1899-12-30 20:15,Intersection Count,Totals,,,W,N,E,S,N-W,N-E,S-E,S-W,W,E,W-S,W-N,N-W,N-E,E-N,E-S,S-E,S-W,W,N,E,S,N-W,N-E,S-E,S-W,W,E,W-S,W-N,N-W,N-E,E-N,E-S,S-E,S-W,,,,,,,,,,,,
,Pedestrian,3,3,,Pedestrian,,,,,,,,,,,,2,,,1,,,,,,,,,,,,,,,1,1,,1,,,,,,,,,,,1,1,,,
,Bike,,0,,Bike,,,,,,,,,,,,,,,,,,,,,,,,,,,,,,,,,,,,,,,,,,,,,,,,
,Scooter,,0,,Scooter,,,,,,,,,,,,,,,,,,,,,,,,,,,,,,,,,,,,,,,,,,,,,,,,
,Other,,0,,Other,,,,,,,,,,,,,,,,,,,,,,,,,,,,,,,,,,,,,,,,,,,,,,,,
,,15-min Interval Total,3,,,,,,,,,,,,,,,,,,,,,,,,,,,,,,,,,,,,,,,,,,,,,,,,,,
,,,,,,,,,,,,,,,,,,,,,,,,,,,,,,,,,,,,,,,,,,,,,,,,,,,,,
,,,,,,From,,,,,,,,,,,,,,,,,,To,,,,,,,,,,,,,,,,,,,,,,,,,,,,,
,,,,,,Road,,,,Bike Lane,,,,Bikeway,,Sidewalk,,,,,,,,Road,,,,Bike Lane,,,,Bikeway,,Sidewalk,,,,,,,,Car No Yield,Car Yield,Car in Bikeway,Student,Bike Passenger,Ped Out of Crosswalk,Stroller,Jogger,Dog,Backpack,,
,1899-12-30 20:30,Intersection Count,Totals,,,W,N,E,S,N-W,N-E,S-E,S-W,W,E,W-S,W-N,N-W,N-E,E-N,E-S,S-E,S-W,W,N,E,S,N-W,N-E,S-E,S-W,W,E,W-S,W-N,N-W,N-E,E-N,E-S,S-E,S-W,,,,,,,,,,,,
,Pedestrian,10,10,,Pedestrian,,,,,,,,,1,,3,3,,,,3,,,,,,,,,,,,1,1,,1,,2,,2,3,1,,,,,,,1,1,,Motorcycle in bikeway W? @20:31:42,
,Bike,2,2,,Bike,,,,,1,,,,,1,,,,,,,,,,,,,,,,1,1,,,,,,,,,,,,,,,,,,,,,
,Scooter,,0,,Scooter,,,,,,,,,,,,,,,,,,,,,,,,,,,,,,,,,,,,,,,,,,,,,,,,
,Other,,0,,Other,,,,,,,,,,,,,,,,,,,,,,,,,,,,,,,,,,,,,,,,,,,,,,,,
,,15-min Interval Total,12,,,,,,,,,,,,,,,,,,,,,,,,,,,,,,,,,,,,,,,,,,,,,,,,,,
,,,,,,,,,,,,,,,,,,,,,,,,,,,,,,,,,,,,,,,,,,,,,,,,,,,,,
,,,,,,From,,,,,,,,,,,,,,,,,,To,,,,,,,,,,,,,,,,,,,,,,,,,,,,,
,,,,,,Road,,,,Bike Lane,,,,Bikeway,,Sidewalk,,,,,,,,Road,,,,Bike Lane,,,,Bikeway,,Sidewalk,,,,,,,,Car No Yield,Car Yield,Car in Bikeway,Student,Bike Passenger,Ped Out of Crosswalk,Stroller,Jogger,Dog,Backpack,,
,1899-12-30 20:45,Intersection Count,Totals,,,W,N,E,S,N-W,N-E,S-E,S-W,W,E,W-S,W-N,N-W,N-E,E-N,E-S,S-E,S-W,W,N,E,S,N-W,N-E,S-E,S-W,W,E,W-S,W-N,N-W,N-E,E-N,E-S,S-E,S-W,,,,,,,,,,,,
,Pedestrian,5,5,,Pedestrian,,,,,,,,,2,2,1,,,,,,,,,,,,,,,,2,2,,,,,,,,1,,1,,,,,,,,,,
,Bike,1,1,,Bike,,,,,,,,,1,,,,,,,,,,,,,,,,,,,1,,,,,,,,,,1,,,,,,,,,,
,Scooter,,0,,Scooter,,,,,,,,,,,,,,,,,,,,,,,,,,,,,,,,,,,,,,,,,,,,,,,,
,Other,,0,,Other,,,,,,,,,,,,,,,,,,,,,,,,,,,,,,,,,,,,,,,,,,,,,,,,
,,15-min Interval Total,6,,,,,,,,,,,,,,,,,,,,,,,,,,,,,,,,,,,,,,,,,,,,,,,,,,
,,,,,,,,,,,,,,,,,,,,,,,,,,,,,,,,,,,,,,,,,,,,,,,,,,,,,
,,,,,,From,,,,,,,,,,,,,,,,,,To,,,,,,,,,,,,,,,,,,,,,,,,,,,,,
,,,,,,Road,,,,Bike Lane,,,,Bikeway,,Sidewalk,,,,,,,,Road,,,,Bike Lane,,,,Bikeway,,Sidewalk,,,,,,,,Car No Yield,Car Yield,Car in Bikeway,Student,Bike Passenger,Ped Out of Crosswalk,Stroller,Jogger,Dog,Backpack,,
,1899-12-30 21:00,Intersection Count,Totals,,,W,N,E,S,N-W,N-E,S-E,S-W,W,E,W-S,W-N,N-W,N-E,E-N,E-S,S-E,S-W,W,N,E,S,N-W,N-E,S-E,S-W,W,E,W-S,W-N,N-W,N-E,E-N,E-S,S-E,S-W,,,,,,,,,,,,
,Pedestrian,,0,,Pedestrian,,,,,,,,,,,,,,,,,,,,,,,,,,,,,,,,,,,,,,,,,,,,,,,,
,Bike,,0,,Bike,,,,,,,,,,,,,,,,,,,,,,,,,,,,,,,,,,,,,,,,,,,,,,,,
,Scooter,,0,,Scooter,,,,,,,,,,,,,,,,,,,,,,,,,,,,,,,,,,,,,,,,,,,,,,,,
,Other,,0,,Other,,,,,,,,,,,,,,,,,,,,,,,,,,,,,,,,,,,,,,,,,,,,,,,,
,,15-min Interval Total,0,,,,,,,,,,,,,,,,,,,,,,,,,,,,,,,,,,,,,,,,,,,,,,,,,,
,,,,,,,,,,,,,,,,,,,,,,,,,,,,,,,,,,,,,,,,,,,,,,,,,,,,,
,,,,,,From,,,,,,,,,,,,,,,,,,To,,,,,,,,,,,,,,,,,,,,,,,,,,,,,
,,,,,,Road,,,,Bike Lane,,,,Bikeway,,Sidewalk,,,,,,,,Road,,,,Bike Lane,,,,Bikeway,,Sidewalk,,,,,,,,Car No Yield,Car Yield,Car in Bikeway,Student,Bike Passenger,Ped Out of Crosswalk,Stroller,Jogger,Dog,Backpack,,
,1899-12-30 21:15,Intersection Count,Totals,,,W,N,E,S,N-W,N-E,S-E,S-W,W,E,W-S,W-N,N-W,N-E,E-N,E-S,S-E,S-W,W,N,E,S,N-W,N-E,S-E,S-W,W,E,W-S,W-N,N-W,N-E,E-N,E-S,S-E,S-W,,,,,,,,,,,,
,Pedestrian,,0,,Pedestrian,,,,,,,,,,,,,,,,,,,,,,,,,,,,,,,,,,,,,,,,,,,,,,,,
,Bike,,0,,Bike,,,,,,,,,,,,,,,,,,,,,,,,,,,,,,,,,,,,,,,,,,,,,,,,
,Scooter,,0,,Scooter,,,,,,,,,,,,,,,,,,,,,,,,,,,,,,,,,,,,,,,,,,,,,,,,
,Other,,0,,Other,,,,,,,,,,,,,,,,,,,,,,,,,,,,,,,,,,,,,,,,,,,,,,,,
,,15-min Interval Total,0,,,,,,,,,,,,,,,,,,,,,,,,,,,,,,,,,,,,,,,,,,,,,,,,,,
,,,,,,,,,,,,,,,,,,,,,,,,,,,,,,,,,,,,,,,,,,,,,,,,,,,,,
,,,,,,From,,,,,,,,,,,,,,,,,,To,,,,,,,,,,,,,,,,,,,,,,,,,,,,,
,,,,,,Road,,,,Bike Lane,,,,Bikeway,,Sidewalk,,,,,,,,Road,,,,Bike Lane,,,,Bikeway,,Sidewalk,,,,,,,,Car No Yield,Car Yield,Car in Bikeway,Student,Bike Passenger,Ped Out of Crosswalk,Stroller,Jogger,Dog,Backpack,,
,1899-12-30 21:30,Intersection Count,Totals,,,W,N,E,S,N-W,N-E,S-E,S-W,W,E,W-S,W-N,N-W,N-E,E-N,E-S,S-E,S-W,W,N,E,S,N-W,N-E,S-E,S-W,W,E,W-S,W-N,N-W,N-E,E-N,E-S,S-E,S-W,,,,,,,,,,,,
,Pedestrian,2,2,,Pedestrian,,,2,,,,,,,,,,,,,,,,2,,,,,,,,,,,,,,,,,,,,,,,,,,,,,
,Bike,2,2,,Bike,,,,,,,,,2,,,,,,,,,,,,,,,,,,,2,,,,,,,,,,,,,,,,,,,,
,Scooter,,0,,Scooter,,,,,,,,,,,,,,,,,,,,,,,,,,,,,,,,,,,,,,,,,,,,,,,,
,Other,,0,,Other,,,,,,,,,,,,,,,,,,,,,,,,,,,,,,,,,,,,,,,,,,,,,,,,
,,15-min Interval Total,4,,,,,,,,,,,,,,,,,,,,,,,,,,,,,,,,,,,,,,,,,,,,,,,,,,
,,,,,,,,,,,,,,,,,,,,,,,,,,,,,,,,,,,,,,,,,,,,,,,,,,,,,
,,,,,,From,,,,,,,,,,,,,,,,,,To,,,,,,,,,,,,,,,,,,,,,,,,,,,,,
,,,,,,Road,,,,Bike Lane,,,,Bikeway,,Sidewalk,,,,,,,,Road,,,,Bike Lane,,,,Bikeway,,Sidewalk,,,,,,,,Car No Yield,Car Yield,Car in Bikeway,Student,Bike Passenger,Ped Out of Crosswalk,Stroller,Jogger,Dog,Backpack,,
,1899-12-30 21:45,Intersection Count,Totals,,,W,N,E,S,N-W,N-E,S-E,S-W,W,E,W-S,W-N,N-W,N-E,E-N,E-S,S-E,S-W,W,N,E,S,N-W,N-E,S-E,S-W,W,E,W-S,W-N,N-W,N-E,E-N,E-S,S-E,S-W,,,,,,,,,,,,
,Pedestrian,4,4,,Pedestrian,2,,,,,,,,,2,,,,,,,,,,,2,,,,,,2,,,,,,,,,,,1,,,,,,,,,,
,Bike,,0,,Bike,,,,,,,,,,,,,,,,,,,,,,,,,,,,,,,,,,,,,,,,,,,,,,,,
,Scooter,,0,,Scooter,,,,,,,,,,,,,,,,,,,,,,,,,,,,,,,,,,,,,,,,,,,,,,,,
,Other,,0,,Other,,,,,,,,,,,,,,,,,,,,,,,,,,,,,,,,,,,,,,,,,,,,,,,,
,,15-min Interval Total,4,,,,,,,,,,,,,,,,,,,,,,,,,,,,,,,,,,,,,,,,,,,,,,,,,,
,,,,,,,,,,,,,,,,,,,,,,,,,,,,,,,,,,,,,,,,,,,,,,,,,,,,,
,,,,,,From,,,,,,,,,,,,,,,,,,To,,,,,,,,,,,,,,,,,,,,,,,,,,,,,
,,,,,,Road,,,,Bike Lane,,,,Bikeway,,Sidewalk,,,,,,,,Road,,,,Bike Lane,,,,Bikeway,,Sidewalk,,,,,,,,Car No Yield,Car Yield,Car in Bikeway,Student,Bike Passenger,Ped Out of Crosswalk,Stroller,Jogger,Dog,Backpack,,
,1899-12-30 22:00,Intersection Count,Totals,,,W,N,E,S,N-W,N-E,S-E,S-W,W,E,W-S,W-N,N-W,N-E,E-N,E-S,S-E,S-W,W,N,E,S,N-W,N-E,S-E,S-W,W,E,W-S,W-N,N-W,N-E,E-N,E-S,S-E,S-W,,,,,,,,,,,,
,Pedestrian,,0,,Pedestrian,,,,,,,,,,,,,,,,,,,,,,,,,,,,,,,,,,,,,,,,,,,,,,,,
,Bike,,0,,Bike,,,,,,,,,,,,,,,,,,,,,,,,,,,,,,,,,,,,,,,,,,,,,,,,
,Scooter,,0,,Scooter,,,,,,,,,,,,,,,,,,,,,,,,,,,,,,,,,,,,,,,,,,,,,,,,
,Other,,0,,Other,,,,,,,,,,,,,,,,,,,,,,,,,,,,,,,,,,,,,,,,,,,,,,,,
,,15-min Interval Total,0,,,,,,,,,,,,,,,,,,,,,,,,,,,,,,,,,,,,,,,,,,,,,,,,,,
,,,,,,,,,,,,,,,,,,,,,,,,,,,,,,,,,,,,,,,,,,,,,,,,,,,,,
,,,,,,From,,,,,,,,,,,,,,,,,,To,,,,,,,,,,,,,,,,,,,,,,,,,,,,,
,,,,,,Road,,,,Bike Lane,,,,Bikeway,,Sidewalk,,,,,,,,Road,,,,Bike Lane,,,,Bikeway,,Sidewalk,,,,,,,,Car No Yield,Car Yield,Car in Bikeway,Student,Bike Passenger,Ped Out of Crosswalk,Stroller,Jogger,Dog,Backpack,,
,1899-12-30 22:15,Intersection Count,Totals,,,W,N,E,S,N-W,N-E,S-E,S-W,W,E,W-S,W-N,N-W,N-E,E-N,E-S,S-E,S-W,W,N,E,S,N-W,N-E,S-E,S-W,W,E,W-S,W-N,N-W,N-E,E-N,E-S,S-E,S-W,,,,,,,,,,,,
,Pedestrian,2,2,,Pedestrian,,,,,,,,,,,2,,,,,,,,,,,,,,,,,,,,,,,2,,,,1,,,,,,,,,,
,Bike,,0,,Bike,,,,,,,,,,,,,,,,,,,,,,,,,,,,,,,,,,,,,,,,,,,,,,,,
,Scooter,,0,,Scooter,,,,,,,,,,,,,,,,,,,,,,,,,,,,,,,,,,,,,,,,,,,,,,,,
,Other,,0,,Other,,,,,,,,,,,,,,,,,,,,,,,,,,,,,,,,,,,,,,,,,,,,,,,,
,,15-min Interval Total,2,,,,,,,,,,,,,,,,,,,,,,,,,,,,,,,,,,,,,,,,,,,,,,,,,,
,,,,,,,,,,,,,,,,,,,,,,,,,,,,,,,,,,,,,,,,,,,,,,,,,,,,,
,,,,,,From,,,,,,,,,,,,,,,,,,To,,,,,,,,,,,,,,,,,,,,,,,,,,,,,
,,,,,,Road,,,,Bike Lane,,,,Bikeway,,Sidewalk,,,,,,,,Road,,,,Bike Lane,,,,Bikeway,,Sidewalk,,,,,,,,Car No Yield,Car Yield,Car in Bikeway,Student,Bike Passenger,Ped Out of Crosswalk,Stroller,Jogger,Dog,Backpack,,
,1899-12-30 22:30,Intersection Count,Totals,,,W,N,E,S,N-W,N-E,S-E,S-W,W,E,W-S,W-N,N-W,N-E,E-N,E-S,S-E,S-W,W,N,E,S,N-W,N-E,S-E,S-W,W,E,W-S,W-N,N-W,N-E,E-N,E-S,S-E,S-W,,,,,,,,,,,,
,Pedestrian,,0,,Pedestrian,,,,,,,,,,,,,,,,,,,,,,,,,,,,,,,,,,,,,,,,,,,,,,,,
,Bike,,0,,Bike,,,,,,,,,,,,,,,,,,,,,,,,,,,,,,,,,,,,,,,,,,,,,,,,
,Scooter,,0,,Scooter,,,,,,,,,,,,,,,,,,,,,,,,,,,,,,,,,,,,,,,,,,,,,,,,
,Other,,0,,Other,,,,,,,,,,,,,,,,,,,,,,,,,,,,,,,,,,,,,,,,,,,,,,,,
,,15-min Interval Total,0,,,,,,,,,,,,,,,,,,,,,,,,,,,,,,,,,,,,,,,,,,,,,,,,,,
,,,,,,,,,,,,,,,,,,,,,,,,,,,,,,,,,,,,,,,,,,,,,,,,,,,,,
,,,,,,From,,,,,,,,,,,,,,,,,,To,,,,,,,,,,,,,,,,,,,,,,,,,,,,,
,,,,,,Road,,,,Bike Lane,,,,Bikeway,,Sidewalk,,,,,,,,Road,,,,Bike Lane,,,,Bikeway,,Sidewalk,,,,,,,,Car No Yield,Car Yield,Car in Bikeway,Student,Bike Passenger,Ped Out of Crosswalk,Stroller,Jogger,Dog,Backpack,,
,1899-12-30 22:45,Intersection Count,Totals,,,W,N,E,S,N-W,N-E,S-E,S-W,W,E,W-S,W-N,N-W,N-E,E-N,E-S,S-E,S-W,W,N,E,S,N-W,N-E,S-E,S-W,W,E,W-S,W-N,N-W,N-E,E-N,E-S,S-E,S-W,,,,,,,,,,,,
,Pedestrian,,0,,Pedestrian,,,,,,,,,,,,,,,,,,,,,,,,,,,,,,,,,,,,,,,,,,,,,,,,
,Bike,,0,,Bike,,,,,,,,,,,,,,,,,,,,,,,,,,,,,,,,,,,,,,,,,,,,,,,,
,Scooter,,0,,Scooter,,,,,,,,,,,,,,,,,,,,,,,,,,,,,,,,,,,,,,,,,,,,,,,,
,Other,,0,,Other,,,,,,,,,,,,,,,,,,,,,,,,,,,,,,,,,,,,,,,,,,,,,,,,
,,15-min Interval Total,0,,,,,,,,,,,,,,,,,,,,,,,,,,,,,,,,,,,,,,,,,,,,,,,,,,
,,,,,,,,,,,,,,,,,,,,,,,,,,,,,,,,,,,,,,,,,,,,,,,,,,,,,
,,,,,,From,,,,,,,,,,,,,,,,,,To,,,,,,,,,,,,,,,,,,,,,,,,,,,,,
,,,,,,Road,,,,Bike Lane,,,,Bikeway,,Sidewalk,,,,,,,,Road,,,,Bike Lane,,,,Bikeway,,Sidewalk,,,,,,,,Car No Yield,Car Yield,Car in Bikeway,Student,Bike Passenger,Ped Out of Crosswalk,Stroller,Jogger,Dog,Backpack,,
,1899-12-30 23:00,Intersection Count,Totals,,,W,N,E,S,N-W,N-E,S-E,S-W,W,E,W-S,W-N,N-W,N-E,E-N,E-S,S-E,S-W,W,N,E,S,N-W,N-E,S-E,S-W,W,E,W-S,W-N,N-W,N-E,E-N,E-S,S-E,S-W,,,,,,,,,,,,
,Pedestrian,1,1,,Pedestrian,,,,,,,,,,1,,,,,,,,,,,,,,,,,1,,,,,,,,,,,,,,,,,,,,,
,Bike,,0,,Bike,,,,,,,,,,,,,,,,,,,,,,,,,,,,,,,,,,,,,,,,,,,,,,,,
,Scooter,,0,,Scooter,,,,,,,,,,,,,,,,,,,,,,,,,,,,,,,,,,,,,,,,,,,,,,,,
,Other,,0,,Other,,,,,,,,,,,,,,,,,,,,,,,,,,,,,,,,,,,,,,,,,,,,,,,,
,,15-min Interval Total,1,,,,,,,,,,,,,,,,,,,,,,,,,,,,,,,,,,,,,,,,,,,,,,,,,,
,,,,,,,,,,,,,,,,,,,,,,,,,,,,,,,,,,,,,,,,,,,,,,,,,,,,,
,,,,,,From,,,,,,,,,,,,,,,,,,To,,,,,,,,,,,,,,,,,,,,,,,,,,,,,
,,,,,,Road,,,,Bike Lane,,,,Bikeway,,Sidewalk,,,,,,,,Road,,,,Bike Lane,,,,Bikeway,,Sidewalk,,,,,,,,Car No Yield,Car Yield,Car in Bikeway,Student,Bike Passenger,Ped Out of Crosswalk,Stroller,Jogger,Dog,Backpack,,
,1899-12-30 23:15,Intersection Count,Totals,,,W,N,E,S,N-W,N-E,S-E,S-W,W,E,W-S,W-N,N-W,N-E,E-N,E-S,S-E,S-W,W,N,E,S,N-W,N-E,S-E,S-W,W,E,W-S,W-N,N-W,N-E,E-N,E-S,S-E,S-W,,,,,,,,,,,,
,Pedestrian,,0,,Pedestrian,,,,,,,,,,,,,,,,,,,,,,,,,,,,,,,,,,,,,,,1,,,,,,,,,"Car was going to turn to the right place, but then backed up and went into the bikeway - later exited the bikeway @23:22:08"
,Bike,,0,,Bike,,,,,,,,,,,,,,,,,,,,,,,,,,,,,,,,,,,,,,,,,,,,,,,,
,Scooter,,0,,Scooter,,,,,,,,,,,,,,,,,,,,,,,,,,,,,,,,,,,,,,,,,,,,,,,,
,Other,,0,,Other,,,,,,,,,,,,,,,,,,,,,,,,,,,,,,,,,,,,,,,,,,,,,,,,
,,15-min Interval Total,0,,,,,,,,,,,,,,,,,,,,,,,,,,,,,,,,,,,,,,,,,,,,,,,,,,
,,,,,,,,,,,,,,,,,,,,,,,,,,,,,,,,,,,,,,,,,,,,,,,,,,,,,
,,,,,,From,,,,,,,,,,,,,,,,,,To,,,,,,,,,,,,,,,,,,,,,,,,,,,,,
,,,,,,Road,,,,Bike Lane,,,,Bikeway,,Sidewalk,,,,,,,,Road,,,,Bike Lane,,,,Bikeway,,Sidewalk,,,,,,,,Car No Yield,Car Yield,Car in Bikeway,Student,Bike Passenger,Ped Out of Crosswalk,Stroller,Jogger,Dog,Backpack,,
,1899-12-30 23:30,Intersection Count,Totals,,,W,N,E,S,N-W,N-E,S-E,S-W,W,E,W-S,W-N,N-W,N-E,E-N,E-S,S-E,S-W,W,N,E,S,N-W,N-E,S-E,S-W,W,E,W-S,W-N,N-W,N-E,E-N,E-S,S-E,S-W,,,,,,,,,,,,
,Pedestrian,,0,,Pedestrian,,,,,,,,,,,,,,,,,,,,,,,,,,,,,,,,,,,,,,,,,,,,,,,,
,Bike,,0,,Bike,,,,,,,,,,,,,,,,,,,,,,,,,,,,,,,,,,,,,,,,,,,,,,,,
,Scooter,,0,,Scooter,,,,,,,,,,,,,,,,,,,,,,,,,,,,,,,,,,,,,,,,,,,,,,,,
,Other,,0,,Other,,,,,,,,,,,,,,,,,,,,,,,,,,,,,,,,,,,,,,,,,,,,,,,,
,,15-min Interval Total,0,,,,,,,,,,,,,,,,,,,,,,,,,,,,,,,,,,,,,,,,,,,,,,,,,,
,,,,,,,,,,,,,,,,,,,,,,,,,,,,,,,,,,,,,,,,,,,,,,,,,,,,,
,,,,,,From,,,,,,,,,,,,,,,,,,To,,,,,,,,,,,,,,,,,,,,,,,,,,,,,
,,,,,,Road,,,,Bike Lane,,,,Bikeway,,Sidewalk,,,,,,,,Road,,,,Bike Lane,,,,Bikeway,,Sidewalk,,,,,,,,Car No Yield,Car Yield,Car in Bikeway,Student,Bike Passenger,Ped Out of Crosswalk,Stroller,Jogger,Dog,Backpack,,
,1899-12-30 23:45,Intersection Count,Totals,,,W,N,E,S,N-W,N-E,S-E,S-W,W,E,W-S,W-N,N-W,N-E,E-N,E-S,S-E,S-W,W,N,E,S,N-W,N-E,S-E,S-W,W,E,W-S,W-N,N-W,N-E,E-N,E-S,S-E,S-W,,,,,,,,,,,,
,Pedestrian,,0,,Pedestrian,,,,,,,,,,,,,,,,,,,,,,,,,,,,,,,,,,,,,,,,,,,,,,,,
,Bike,,0,,Bike,,,,,,,,,,,,,,,,,,,,,,,,,,,,,,,,,,,,,,,,,,,,,,,,
,Scooter,,0,,Scooter,,,,,,,,,,,,,,,,,,,,,,,,,,,,,,,,,,,,,,,,,,,,,,,,
,Other,,0,,Other,,,,,,,,,,,,,,,,,,,,,,,,,,,,,,,,,,,,,,,,,,,,,,,,
,,15-min Interval Total,0,,,,,,,,,,,,,,,,,,,,,,,,,,,,,,,,,,,,,,,,,,,,,,,,,,
,,,,,,,,,,,,,,,,,,,,,,,,,,,,,,,,,,,,,,,,,,,,,,,,,,,,,
,,,,,,,,,,,,,,,,,,,,,,,,,,,,,,,,,,,,,,,,,,,,,,,,,,,,,
,,,,,,,,,,,,,,,,,,,,,,,,,,,,,,,,,,,,,,,,,,,,,,,,,,,,,
,DAILY TOTALS,,,,,From,,,,,,,,,,,,,,,,,,To,,,,,,,,,,,,,,,,,,,,,,,,,,,,,
,,,,,,Road,,,,Bike Lane,,,,Bikeway,,Sidewalk,,,,,,,,Road,,,,Bike Lane,,,,Bikeway,,Sidewalk,,,,,,,,Car No Yield,Car Yield,Car in Bikeway,Student,Bike Passenger,Ped Out of Crosswalk,Stroller,Jogger,Dog,Backpack,Bike No Stop,
,Daily Total,Intersection Count,,,,W,N,E,S,N-W,N-E,S-E,S-W,W,E,W-S,W-N,N-W,N-E,E-N,E-S,S-E,S-W,W,N,E,S,N-W,N-E,S-E,S-W,W,E,W-S,W-N,N-W,N-E,E-N,E-S,S-E,S-W,,,,,,,,,,,,
,Pedestrian,,419,0.52309612983770282,Pedestrian,3,0,5,0,2,0,0,0,25,26,33,33,49,29,33,37,23,122,4,0,3,0,3,1,0,0,27,24,25,40,65,45,20,22,30,115,10,44,1,95,0,7,22,48,26,34,0,
,Bike,,272,0.33957553058676654,Bike,2,1,1,1,7,0,5,1,25,51,0,4,40,16,5,11,10,93,3,1,1,0,3,6,0,2,30,45,0,6,42,15,10,9,9,88,4,17,1,113,6,0,0,0,3,64,4,
,Scooter,,108,0.1348314606741573,Scooter,0,0,0,0,4,0,2,0,1,8,1,9,7,13,14,7,4,36,0,0,0,0,0,1,0,2,1,7,1,6,9,5,14,6,5,48,0,5,0,44,0,1,0,0,0,18,0,
,Other,,2,2.4968789013732834E-3,Other,0,0,0,0,0,0,0,0,0,1,0,0,0,0,0,0,0,1,0,0,0,0,1,0,0,0,0,0,0,0,0,0,0,0,0,1,0,0,0,1,0,0,0,0,0,1,0,
,,TOTAL,801,,Total,5,1,6,1,13,0,7,1,51,86,34,46,96,58,52,55,37,252,7,1,4,0,7,8,0,4,58,76,26,52,116,65,44,37,44,252,14,66,2,253,6,8,22,48,29,117,4,
,,,,,,801,,,,,,,,,,,,,,,,,,801,,,,,,,,,,,,,,,,,Yield Rate,0.82499999999999996,,,,,,,,,,,
